﻿#KODS#;#TIPS_CD#;#NOSAUKUMS#;#VKUR_CD#;#VKUR_TIPS#;#APSTIPR#;#APST_PAK#;#STATUSS#;#SORT_NOS#;#DAT_SAK#;#DAT_MOD#;#DAT_BEIG#;#ATRIB#;#STD#
#100013922#;#105#;#Abavas pag.#;#100016390#;#113#;#Y#;#252#;#EKS#;#Abavas pagasts#;#1999.03.16#;#30.06.2021 04:50:45#;##;#0051400#;#Abavas pag., Talsu nov.#
#100013143#;#105#;#Aglonas pag.#;#100016727#;#113#;#Y#;#252#;#EKS#;#Aglonas pagasts#;#1999.03.16#;#30.06.2021 07:47:19#;##;#0042400#;#Aglonas pag., Preiļu nov.#
#100012414#;#105#;#Ainažu pag.#;#100016606#;#113#;#Y#;#252#;#EKS#;#Ainažu pagasts#;#1999.03.16#;#30.06.2021 07:13:29#;##;#0035400#;#Ainažu pag., Limbažu nov.#
#100010017#;#105#;#Aiviekstes pag.#;#100016630#;#113#;#Y#;#252#;#EKS#;#Aiviekstes pagasts#;#1999.03.16#;#30.06.2021 07:23:20#;##;#0020400#;#Aiviekstes pag., Aizkraukles nov.#
#100013151#;#105#;#Aizkalnes pag.#;#100016727#;#113#;#Y#;#252#;#EKS#;#Aizkalnes pagasts#;#1999.03.16#;#30.06.2021 07:48:00#;##;#0042410#;#Aizkalnes pag., Preiļu nov.#
#100010025#;#105#;#Aizkraukles pag.#;#100016630#;#113#;#Y#;#252#;#EKS#;#Aizkraukles pagasts#;#1999.03.16#;#30.06.2021 07:23:57#;##;#0020410#;#Aizkraukles pag., Aizkraukles nov.#
#100012205#;#105#;#Aizputes pag.#;#100016495#;#113#;#Y#;#252#;#EKS#;#Aizputes pagasts#;#1999.03.16#;#30.06.2021 09:12:13#;##;#0027400#;#Aizputes pag., Dienvidkurzemes nov.#
#100011605#;#105#;#Aknīstes pag.#;#100016421#;#113#;#Y#;#252#;#EKS#;#Aknīstes pagasts#;#1999.03.16#;#30.06.2021 05:23:27#;##;#0031400#;#Aknīstes pag., Jēkabpils nov.#
#100013594#;#105#;#Allažu pag.#;#100016768#;#113#;#Y#;#252#;#EKS#;#Allažu pagasts#;#1999.03.16#;#30.06.2021 08:50:29#;##;#0048400#;#Allažu pag., Siguldas nov.#
#100012422#;#105#;#Alojas pag.#;#100016606#;#113#;#Y#;#252#;#EKS#;#Alojas pagasts#;#1999.03.16#;#30.06.2021 07:14:05#;##;#0035410#;#Alojas pag., Limbažu nov.#
#100016702#;#105#;#Alsungas pag.#;#100016696#;#113#;#Y#;#252#;#EKS#;#Alsungas pagasts#;#2021.07.01#;#30.06.2021 09:10:49#;##;#0033400#;#Alsungas pag., Kuldīgas nov.#
#100012020#;#105#;#Alsungas pag.#;#100015686#;#113#;#Y#;#252#;#DEL#;#Alsungas pagasts#;#1999.03.16#;#14.06.2012 15:45:30#;#2009.07.01#;#0624200#;#Alsungas pag., Alsungas nov.#
#100010218#;#105#;#Alsviķu pag.#;#100015694#;#113#;#Y#;#252#;#EKS#;#Alsviķu pagasts#;#1999.03.16#;#30.06.2021 07:11:54#;##;#0021400#;#Alsviķu pag., Alūksnes nov.#
#100010708#;#105#;#Amatas pag.#;#100016487#;#113#;#Y#;#252#;#EKS#;#Amatas pagasts#;#1999.03.16#;#30.06.2021 06:44:48#;##;#0026400#;#Amatas pag., Cēsu nov.#
#100010917#;#105#;#Ambeļu pag.#;#100016462#;#113#;#Y#;#252#;#EKS#;#Ambeļu pagasts#;#1999.03.16#;#30.06.2021 05:42:52#;##;#0022400#;#Ambeļu pag., Augšdaugavas nov.#
#100015130#;#105#;#Ances pag.#;#100016333#;#113#;#Y#;#252#;#EKS#;#Ances pagasts#;#1999.03.16#;#30.06.2021 07:43:34#;##;#0056400#;#Ances pag., Ventspils nov.#
#100011806#;#105#;#Andrupenes pag.#;#100016743#;#113#;#Y#;#252#;#EKS#;#Andrupenes pagasts#;#1999.03.16#;#30.06.2021 07:59:04#;##;#0032400#;#Andrupenes pag., Krāslavas nov.#
#100011814#;#105#;#Andzeļu pag.#;#100016743#;#113#;#Y#;#252#;#EKS#;#Andzeļu pagasts#;#1999.03.16#;#30.06.2021 07:59:38#;##;#0032410#;#Andzeļu pag., Krāslavas nov.#
#100010226#;#105#;#Annas pag.#;#100015694#;#113#;#Y#;#252#;#EKS#;#Annas pagasts#;#1999.03.16#;#30.06.2021 07:12:32#;##;#0021410#;#Annas pag., Alūksnes nov.#
#100011172#;#105#;#Annenieku pag.#;#100016622#;#113#;#Y#;#252#;#EKS#;#Annenieku pagasts#;#1999.03.16#;#30.06.2021 07:51:52#;##;#0028400#;#Annenieku pag., Dobeles nov.#
#100010201#;#105#;#Apes pag.#;#100016735#;#113#;#Y#;#252#;#EKS#;#Apes pagasts#;#1999.03.16#;#30.06.2021 08:26:55#;##;#0049400#;#Apes pag., Smiltenes nov.#
#100012793#;#105#;#Aronas pag.#;#100016671#;#113#;#Y#;#252#;#EKS#;#Aronas pagasts#;#1999.03.16#;#30.06.2021 08:00:29#;##;#0038400#;#Aronas pag., Madonas nov.#
#100011621#;#105#;#Asares pag.#;#100016421#;#113#;#Y#;#252#;#EKS#;#Asares pagasts#;#1999.03.16#;#30.06.2021 05:23:58#;##;#0031410#;#Asares pag., Jēkabpils nov.#
#100014893#;#105#;#Asūnes pag.#;#100016743#;#113#;#Y#;#252#;#EKS#;#Asūnes pagasts#;#1999.03.16#;#30.06.2021 08:00:10#;##;#0032420#;#Asūnes pag., Krāslavas nov.#
#100011638#;#105#;#Atašienes pag.#;#100016421#;#113#;#Y#;#252#;#EKS#;#Atašienes pagasts#;#1999.03.16#;#30.06.2021 05:24:27#;##;#0031420#;#Atašienes pag., Jēkabpils nov.#
#100015034#;#105#;#Audriņu pag.#;#100016542#;#113#;#Y#;#252#;#EKS#;#Audriņu pagasts#;#1999.03.16#;#30.06.2021 07:59:17#;##;#0043400#;#Audriņu pag., Rēzeknes nov.#
#100011180#;#105#;#Augstkalnes pag.#;#100016622#;#113#;#Y#;#252#;#EKS#;#Augstkalnes pagasts#;#1999.03.16#;#30.06.2021 07:52:28#;##;#0028410#;#Augstkalnes pag., Dobeles nov.#
#100011822#;#105#;#Aulejas pag.#;#100016743#;#113#;#Y#;#252#;#EKS#;#Aulejas pagasts#;#1999.03.16#;#30.06.2021 08:00:51#;##;#0032430#;#Aulejas pag., Krāslavas nov.#
#100011197#;#105#;#Auru pag.#;#100016622#;#113#;#Y#;#252#;#EKS#;#Auru pagasts#;#1999.03.16#;#30.06.2021 07:53:03#;##;#0028420#;#Auru pag., Dobeles nov.#
#100013617#;#105#;#Babītes pag.#;#100016583#;#113#;#Y#;#252#;#EKS#;#Babītes pagasts#;#1999.03.16#;#30.06.2021 06:39:42#;##;#0039400#;#Babītes pag., Mārupes nov.#
#100013561#;#105#;#Baldones pag.#;#100016470#;#113#;#Y#;#252#;#EKS#;#Baldones pagasts#;#1999.03.16#;#30.06.2021 05:55:02#;##;#0034400#;#Baldones pag., Ķekavas nov.#
#100013930#;#105#;#Balgales pag.#;#100016390#;#113#;#Y#;#252#;#EKS#;#Balgales pagasts#;#1999.03.16#;#30.06.2021 04:59:13#;##;#0051420#;#Balgales pag., Talsu nov.#
#100016454#;#105#;#Baltinavas pag.#;#100016438#;#113#;#Y#;#252#;#EKS#;#Baltinavas pagasts#;#2021.07.01#;#30.06.2021 06:31:40#;##;#0024400#;#Baltinavas pag., Balvu nov.#
#100010371#;#105#;#Baltinavas pag.#;#100015733#;#113#;#Y#;#253#;#DEL#;#Baltinavas pagasts#;#1999.03.16#;#30.06.2009 09:09:24#;#2009.07.01#;#0384400#;#Baltinavas pag., Baltinavas nov.#
#100010388#;#105#;#Balvu pag.#;#100016438#;#113#;#Y#;#252#;#EKS#;#Balvu pagasts#;#1999.03.16#;#30.06.2021 06:08:36#;##;#0024410#;#Balvu pag., Balvu nov.#
#100012808#;#105#;#Barkavas pag.#;#100016671#;#113#;#Y#;#252#;#EKS#;#Barkavas pagasts#;#1999.03.16#;#30.06.2021 08:00:30#;##;#0038410#;#Barkavas pag., Madonas nov.#
#100010925#;#105#;#Bebrenes pag.#;#100016462#;#113#;#Y#;#252#;#EKS#;#Bebrenes pagasts#;#1999.03.16#;#30.06.2021 05:44:19#;##;#0022410#;#Bebrenes pag., Augšdaugavas nov.#
#100010033#;#105#;#Bebru pag.#;#100016630#;#113#;#Y#;#252#;#EKS#;#Bebru pagasts#;#1999.03.16#;#30.06.2021 07:24:21#;##;#0020420#;#Bebru pag., Aizkraukles nov.#
#100011332#;#105#;#Beļavas pag.#;#100015854#;#113#;#Y#;#252#;#EKS#;#Beļavas pagasts#;#1999.03.16#;#30.06.2021 04:36:29#;##;#0029400#;#Beļavas pag., Gulbenes nov.#
#100011228#;#105#;#Bikstu pag.#;#100016622#;#113#;#Y#;#252#;#EKS#;#Bikstu pagasts#;#1999.03.16#;#30.06.2021 07:54:49#;##;#0028450#;#Bikstu pag., Dobeles nov.#
#100014282#;#105#;#Bilskas pag.#;#100016735#;#113#;#Y#;#252#;#EKS#;#Bilskas pagasts#;#1999.03.16#;#30.06.2021 08:27:39#;##;#0049410#;#Bilskas pag., Smiltenes nov.#
#100013014#;#105#;#Birzgales pag.#;#100016688#;#113#;#Y#;#252#;#EKS#;#Birzgales pagasts#;#1999.03.16#;#30.06.2021 08:10:22#;##;#0040400#;#Birzgales pag., Ogres nov.#
#100010933#;#105#;#Biķernieku pag.#;#100016462#;#113#;#Y#;#252#;#EKS#;#Biķernieku pagasts#;#1999.03.16#;#30.06.2021 05:44:45#;##;#0022420#;#Biķernieku pag., Augšdaugavas nov.#
#100014290#;#105#;#Blomes pag.#;#100016735#;#113#;#Y#;#252#;#EKS#;#Blomes pagasts#;#1999.03.16#;#30.06.2021 08:28:12#;##;#0049420#;#Blomes pag., Smiltenes nov.#
#100012576#;#105#;#Blontu pag.#;#100016751#;#113#;#Y#;#252#;#EKS#;#Blontu pagasts#;#1999.03.16#;#30.06.2021 08:50:04#;##;#0037400#;#Blontu pag., Ludzas nov.#
#100013746#;#105#;#Blīdenes pag.#;#100016663#;#113#;#Y#;#252#;#EKS#;#Blīdenes pagasts#;#1999.03.16#;#30.06.2021 09:11:24#;##;#0046400#;#Blīdenes pag., Saldus nov.#
#100014305#;#105#;#Brantu pag.#;#100016735#;#113#;#Y#;#252#;#EKS#;#Brantu pagasts#;#1999.03.16#;#30.06.2021 08:28:44#;##;#0049430#;#Brantu pag., Smiltenes nov.#
#100012455#;#105#;#Braslavas pag.#;#100016606#;#113#;#Y#;#252#;#EKS#;#Braslavas pagasts#;#1999.03.16#;#30.06.2021 07:14:38#;##;#0035420#;#Braslavas pag., Limbažu nov.#
#100014475#;#105#;#Brenguļu pag.#;#100016647#;#113#;#Y#;#252#;#EKS#;#Brenguļu pagasts#;#1999.03.16#;#30.06.2021 07:25:02#;##;#0054410#;#Brenguļu pag., Valmieras nov.#
#100010402#;#105#;#Briežuciema pag.#;#100016438#;#113#;#Y#;#252#;#EKS#;#Briežuciema pagasts#;#1999.03.16#;#30.06.2021 06:12:06#;##;#0024440#;#Briežuciema pag., Balvu nov.#
#100012584#;#105#;#Briģu pag.#;#100016751#;#113#;#Y#;#252#;#EKS#;#Briģu pagasts#;#1999.03.16#;#30.06.2021 08:50:04#;##;#0037410#;#Briģu pag., Ludzas nov.#
#100010556#;#105#;#Brunavas pag.#;#100016575#;#113#;#Y#;#252#;#EKS#;#Brunavas pagasts#;#1999.03.16#;#30.06.2021 07:01:17#;##;#0025410#;#Brunavas pag., Bauskas nov.#
#100012463#;#105#;#Brīvzemnieku pag.#;#100016606#;#113#;#Y#;#252#;#EKS#;#Brīvzemnieku pagasts#;#1999.03.16#;#30.06.2021 07:15:10#;##;#0035430#;#Brīvzemnieku pag., Limbažu nov.#
#100011236#;#105#;#Bukaišu pag.#;#100016622#;#113#;#Y#;#252#;#EKS#;#Bukaišu pagasts#;#1999.03.16#;#30.06.2021 07:55:29#;##;#0028460#;#Bukaišu pag., Dobeles nov.#
#100012221#;#105#;#Bunkas pag.#;#100016495#;#113#;#Y#;#252#;#EKS#;#Bunkas pagasts#;#1999.03.16#;#30.06.2021 09:12:14#;##;#0027420#;#Bunkas pag., Dienvidkurzemes nov.#
#100014483#;#105#;#Burtnieku pag.#;#100016647#;#113#;#Y#;#252#;#EKS#;#Burtnieku pagasts#;#1999.03.16#;#30.06.2021 07:25:44#;##;#0054420#;#Burtnieku pag., Valmieras nov.#
#100010548#;#105#;#Bārbeles pag.#;#100016575#;#113#;#Y#;#252#;#EKS#;#Bārbeles pagasts#;#1999.03.16#;#30.06.2021 07:00:36#;##;#0025400#;#Bārbeles pag., Bauskas nov.#
#100012213#;#105#;#Bārtas pag.#;#100016495#;#113#;#Y#;#252#;#EKS#;#Bārtas pagasts#;#1999.03.16#;#30.06.2021 09:12:14#;##;#0027410#;#Bārtas pag., Dienvidkurzemes nov.#
#100011203#;#105#;#Bēnes pag.#;#100016622#;#113#;#Y#;#252#;#EKS#;#Bēnes pagasts#;#1999.03.16#;#30.06.2021 07:53:34#;##;#0028430#;#Bēnes pag., Dobeles nov.#
#100014467#;#105#;#Bērzaines pag.#;#100016647#;#113#;#Y#;#252#;#EKS#;#Bērzaines pagasts#;#1999.03.16#;#30.06.2021 07:24:29#;##;#0054400#;#Bērzaines pag., Valmieras nov.#
#100012816#;#105#;#Bērzaunes pag.#;#100016671#;#113#;#Y#;#252#;#EKS#;#Bērzaunes pagasts#;#1999.03.16#;#30.06.2021 08:00:30#;##;#0038420#;#Bērzaunes pag., Madonas nov.#
#100011211#;#105#;#Bērzes pag.#;#100016622#;#113#;#Y#;#252#;#EKS#;#Bērzes pagasts#;#1999.03.16#;#30.06.2021 07:54:17#;##;#0028440#;#Bērzes pag., Dobeles nov.#
#100013303#;#105#;#Bērzgales pag.#;#100016542#;#113#;#Y#;#252#;#EKS#;#Bērzgales pagasts#;#1999.03.16#;#30.06.2021 07:59:17#;##;#0043410#;#Bērzgales pag., Rēzeknes nov.#
#100011830#;#105#;#Bērziņu pag.#;#100016743#;#113#;#Y#;#252#;#EKS#;#Bērziņu pagasts#;#1999.03.16#;#30.06.2021 08:01:31#;##;#0032440#;#Bērziņu pag., Krāslavas nov.#
#100010396#;#105#;#Bērzkalnes pag.#;#100016438#;#113#;#Y#;#252#;#EKS#;#Bērzkalnes pagasts#;#1999.03.16#;#30.06.2021 06:09:42#;##;#0024420#;#Bērzkalnes pag., Balvu nov.#
#100014772#;#105#;#Bērzpils pag.#;#100016438#;#113#;#Y#;#252#;#EKS#;#Bērzpils pagasts#;#1999.03.16#;#30.06.2021 06:10:42#;##;#0024430#;#Bērzpils pag., Balvu nov.#
#100016526#;#105#;#Carnikavas pag.#;#100016501#;#113#;#Y#;#252#;#EKS#;#Carnikavas pagasts#;#2021.07.01#;#30.06.2021 07:47:02#;##;#0023410#;#Carnikavas pag., Ādažu nov.#
#100013625#;#105#;#Carnikavas pag.#;#100001194#;#102#;#Y#;#252#;#DEL#;#Carnikavas pagasts#;#1999.03.16#;#07.09.2020 00:00:00#;#2006.03.24#;#0805200#;#Carnikavas pag., Rīgas raj.#
#100011453#;#105#;#Cenu pag.#;#100016534#;#113#;#Y#;#252#;#EKS#;#Cenu pagasts#;#1999.03.16#;#30.06.2021 07:07:45#;##;#0030400#;#Cenu pag., Jelgavas nov.#
#100010564#;#105#;#Ceraukstes pag.#;#100016575#;#113#;#Y#;#252#;#EKS#;#Ceraukstes pagasts#;#1999.03.16#;#30.06.2021 07:01:41#;##;#0025420#;#Ceraukstes pag., Bauskas nov.#
#100012785#;#105#;#Cesvaines pag.#;#100016671#;#113#;#Y#;#252#;#EKS#;#Cesvaines pagasts#;#1999.03.16#;#30.06.2021 08:00:30#;##;#0038430#;#Cesvaines pag., Madonas nov.#
#100012592#;#105#;#Ciblas pag.#;#100016751#;#113#;#Y#;#252#;#EKS#;#Ciblas pagasts#;#1999.03.16#;#30.06.2021 08:50:04#;##;#0037420#;#Ciblas pag., Ludzas nov.#
#100013738#;#105#;#Cieceres pag.#;#100016663#;#113#;#Y#;#252#;#EKS#;#Cieceres pagasts#;#1999.03.16#;#30.06.2021 09:11:24#;##;#0046410#;#Cieceres pag., Saldus nov.#
#100012607#;#105#;#Cirmas pag.#;#100016751#;#113#;#Y#;#252#;#EKS#;#Cirmas pagasts#;#1999.03.16#;#30.06.2021 08:50:04#;##;#0037430#;#Cirmas pag., Ludzas nov.#
#100010572#;#105#;#Codes pag.#;#100016575#;#113#;#Y#;#252#;#EKS#;#Codes pagasts#;#1999.03.16#;#17.01.2022 12:19:00#;##;#0025430#;#Codes pag., Bauskas nov.#
#100014104#;#105#;#Cēres pag.#;#100016710#;#113#;#Y#;#252#;#EKS#;#Cēres pagasts#;#1999.03.16#;#30.06.2021 08:01:54#;##;#0052400#;#Cēres pag., Tukuma nov.#
#100012238#;#105#;#Cīravas pag.#;#100016495#;#113#;#Y#;#252#;#EKS#;#Cīravas pagasts#;#1999.03.16#;#30.06.2021 09:12:14#;##;#0027430#;#Cīravas pag., Dienvidkurzemes nov.#
#100011847#;#105#;#Dagdas pag.#;#100016743#;#113#;#Y#;#252#;#EKS#;#Dagdas pagasts#;#1999.03.16#;#30.06.2021 08:01:57#;##;#0032450#;#Dagdas pag., Krāslavas nov.#
#100010041#;#105#;#Daudzeses pag.#;#100016630#;#113#;#Y#;#252#;#EKS#;#Daudzeses pagasts#;#1999.03.16#;#30.06.2021 07:24:48#;##;#0020430#;#Daudzeses pag., Aizkraukles nov.#
#100013633#;#105#;#Daugmales pag.#;#100016470#;#113#;#Y#;#252#;#EKS#;#Daugmales pagasts#;#1999.03.16#;#30.06.2021 05:55:31#;##;#0034410#;#Daugmales pag., Ķekavas nov.#
#100011340#;#105#;#Daukstu pag.#;#100015854#;#113#;#Y#;#252#;#EKS#;#Daukstu pagasts#;#1999.03.16#;#30.06.2021 04:37:34#;##;#0029410#;#Daukstu pag., Gulbenes nov.#
#100014112#;#105#;#Degoles pag.#;#100016710#;#113#;#Y#;#252#;#EKS#;#Degoles pagasts#;#1999.03.16#;#30.06.2021 08:01:54#;##;#0052410#;#Degoles pag., Tukuma nov.#
#100013328#;#105#;#Dekšāres pag.#;#100016542#;#113#;#Y#;#252#;#EKS#;#Dekšāres pagasts#;#1999.03.16#;#30.06.2021 07:59:18#;##;#0043430#;#Dekšāres pag., Rēzeknes nov.#
#100015210#;#105#;#Demenes pag.#;#100016462#;#113#;#Y#;#252#;#EKS#;#Demenes pagasts#;#1983.02.24#;#30.06.2021 05:45:20#;##;#0022430#;#Demenes pag., Augšdaugavas nov.#
#100011654#;#105#;#Dignājas pag.#;#100016421#;#113#;#Y#;#252#;#EKS#;#Dignājas pagasts#;#1999.03.16#;#30.06.2021 05:25:30#;##;#0031440#;#Dignājas pag., Jēkabpils nov.#
#100014491#;#105#;#Dikļu pag.#;#100016647#;#113#;#Y#;#252#;#EKS#;#Dikļu pagasts#;#1999.03.16#;#30.06.2021 07:26:29#;##;#0054430#;#Dikļu pag., Valmieras nov.#
#100011244#;#105#;#Dobeles pag.#;#100016622#;#113#;#Y#;#252#;#EKS#;#Dobeles pagasts#;#1999.03.16#;#30.06.2021 07:56:11#;##;#0028470#;#Dobeles pag., Dobeles nov.#
#100010716#;#105#;#Drabešu pag.#;#100016487#;#113#;#Y#;#252#;#EKS#;#Drabešu pagasts#;#1999.03.16#;#30.06.2021 06:45:28#;##;#0026410#;#Drabešu pag., Cēsu nov.#
#100013336#;#105#;#Dricānu pag.#;#100016542#;#113#;#Y#;#252#;#EKS#;#Dricānu pagasts#;#1999.03.16#;#30.06.2021 07:59:18#;##;#0043440#;#Dricānu pag., Rēzeknes nov.#
#100010724#;#105#;#Drustu pag.#;#100016735#;#113#;#Y#;#252#;#EKS#;#Drustu pagasts#;#1999.03.16#;#30.06.2021 08:29:19#;##;#0049440#;#Drustu pag., Smiltenes nov.#
#100011357#;#105#;#Druvienas pag.#;#100015854#;#113#;#Y#;#252#;#EKS#;#Druvienas pagasts#;#1999.03.16#;#30.06.2021 04:38:27#;##;#0029420#;#Druvienas pag., Gulbenes nov.#
#100010958#;#105#;#Dubnas pag.#;#100016462#;#113#;#Y#;#252#;#EKS#;#Dubnas pagasts#;#1999.03.16#;#30.06.2021 05:45:56#;##;#0022440#;#Dubnas pag., Augšdaugavas nov.#
#100012246#;#105#;#Dunalkas pag.#;#100016495#;#113#;#Y#;#252#;#EKS#;#Dunalkas pagasts#;#1999.03.16#;#30.06.2021 09:12:14#;##;#0027440#;#Dunalkas pag., Dienvidkurzemes nov.#
#100011662#;#105#;#Dunavas pag.#;#100016421#;#113#;#Y#;#252#;#EKS#;#Dunavas pagasts#;#1999.03.16#;#30.06.2021 05:26:14#;##;#0031450#;#Dunavas pag., Jēkabpils nov.#
#100013947#;#105#;#Dundagas pag.#;#100016390#;#113#;#Y#;#252#;#EKS#;#Dundagas pagasts#;#1999.03.16#;#30.06.2021 05:09:40#;##;#0051430#;#Dundagas pag., Talsu nov.#
#100014924#;#105#;#Dunikas pag.#;#100016495#;#113#;#Y#;#252#;#EKS#;#Dunikas pagasts#;#1999.03.16#;#30.06.2021 09:12:14#;##;#0027450#;#Dunikas pag., Dienvidkurzemes nov.#
#100012190#;#105#;#Durbes pag.#;#100016495#;#113#;#Y#;#252#;#EKS#;#Durbes pagasts#;#1999.03.16#;#30.06.2021 09:12:15#;##;#0027460#;#Durbes pag., Dienvidkurzemes nov.#
#100010966#;#105#;#Dvietes pag.#;#100016462#;#113#;#Y#;#252#;#EKS#;#Dvietes pagasts#;#1999.03.16#;#30.06.2021 05:46:24#;##;#0022450#;#Dvietes pag., Augšdaugavas nov.#
#100014998#;#105#;#Dzelzavas pag.#;#100016671#;#113#;#Y#;#252#;#EKS#;#Dzelzavas pagasts#;#1999.03.16#;#30.06.2021 08:00:30#;##;#0038440#;#Dzelzavas pag., Madonas nov.#
#100010732#;#105#;#Dzērbenes pag.#;#100016487#;#113#;#Y#;#252#;#EKS#;#Dzērbenes pagasts#;#1999.03.16#;#30.06.2021 06:46:22#;##;#0026420#;#Dzērbenes pag., Cēsu nov.#
#100010580#;#105#;#Dāviņu pag.#;#100016575#;#113#;#Y#;#252#;#EKS#;#Dāviņu pagasts#;#1999.03.16#;#30.06.2021 07:15:06#;##;#0025440#;#Dāviņu pag., Bauskas nov.#
#100014120#;#105#;#Džūkstes pag.#;#100016710#;#113#;#Y#;#252#;#EKS#;#Džūkstes pagasts#;#1999.03.16#;#30.06.2021 08:01:54#;##;#0052420#;#Džūkstes pag., Tukuma nov.#
#100010974#;#105#;#Eglaines pag.#;#100016462#;#113#;#Y#;#252#;#EKS#;#Eglaines pagasts#;#1999.03.16#;#30.06.2021 05:50:06#;##;#0022460#;#Eglaines pag., Augšdaugavas nov.#
#100011461#;#105#;#Elejas pag.#;#100016534#;#113#;#Y#;#252#;#EKS#;#Elejas pagasts#;#1999.03.16#;#30.06.2021 07:09:17#;##;#0030410#;#Elejas pag., Jelgavas nov.#
#100011670#;#105#;#Elkšņu pag.#;#100016421#;#113#;#Y#;#252#;#EKS#;#Elkšņu pagasts#;#1999.03.16#;#30.06.2021 05:41:05#;##;#0031460#;#Elkšņu pag., Jēkabpils nov.#
#100012254#;#105#;#Embūtes pag.#;#100016495#;#113#;#Y#;#252#;#EKS#;#Embūtes pagasts#;#1999.03.16#;#30.06.2021 09:12:15#;##;#0027470#;#Embūtes pag., Dienvidkurzemes nov.#
#100014137#;#105#;#Engures pag.#;#100016710#;#113#;#Y#;#252#;#EKS#;#Engures pagasts#;#1999.03.16#;#30.06.2021 08:01:55#;##;#0052430#;#Engures pag., Tukuma nov.#
#100013754#;#105#;#Ezeres pag.#;#100016663#;#113#;#Y#;#252#;#EKS#;#Ezeres pagasts#;#1999.03.16#;#30.06.2021 09:11:24#;##;#0046420#;#Ezeres pag., Saldus nov.#
#100011855#;#105#;#Ezernieku pag.#;#100016743#;#113#;#Y#;#252#;#EKS#;#Ezernieku pagasts#;#1999.03.16#;#30.06.2021 08:02:23#;##;#0032460#;#Ezernieku pag., Krāslavas nov.#
#100013344#;#105#;#Feimaņu pag.#;#100016542#;#113#;#Y#;#252#;#EKS#;#Feimaņu pagasts#;#1999.03.16#;#30.06.2021 07:59:18#;##;#0043450#;#Feimaņu pag., Rēzeknes nov.#
#100013352#;#105#;#Gaigalavas pag.#;#100016542#;#113#;#Y#;#252#;#EKS#;#Gaigalavas pagasts#;#1999.03.16#;#30.06.2021 07:59:18#;##;#0043460#;#Gaigalavas pag., Rēzeknes nov.#
#100010597#;#105#;#Gailīšu pag.#;#100016575#;#113#;#Y#;#252#;#EKS#;#Gailīšu pagasts#;#1999.03.16#;#30.06.2021 07:15:58#;##;#0025450#;#Gailīšu pag., Bauskas nov.#
#100013762#;#105#;#Gaiķu pag.#;#100016663#;#113#;#Y#;#252#;#EKS#;#Gaiķu pagasts#;#1999.03.16#;#30.06.2021 09:11:25#;##;#0046430#;#Gaiķu pag., Saldus nov.#
#100014852#;#105#;#Galgauskas pag.#;#100015854#;#113#;#Y#;#252#;#EKS#;#Galgauskas pagasts#;#1999.03.16#;#30.06.2021 04:39:31#;##;#0029430#;#Galgauskas pag., Gulbenes nov.#
#100013168#;#105#;#Galēnu pag.#;#100016727#;#113#;#Y#;#252#;#EKS#;#Galēnu pagasts#;#1999.03.16#;#30.06.2021 07:49:52#;##;#0042420#;#Galēnu pag., Preiļu nov.#
#100016792#;#105#;#Garkalnes pag.#;#100016784#;#113#;#Y#;#252#;#EKS#;#Garkalnes pagasts#;#2021.07.01#;#30.06.2021 09:12:36#;##;#0044400#;#Garkalnes pag., Ropažu nov.#
#100013641#;#105#;#Garkalnes pag.#;#100001194#;#102#;#Y#;#252#;#DEL#;#Garkalnes pagasts#;#1999.03.16#;#07.09.2020 00:00:00#;#2006.03.24#;#0806000#;#Garkalnes pag., Rīgas raj.#
#100010234#;#105#;#Gaujienas pag.#;#100016735#;#113#;#Y#;#252#;#EKS#;#Gaujienas pagasts#;#1999.03.16#;#30.06.2021 08:29:48#;##;#0049450#;#Gaujienas pag., Smiltenes nov.#
#100012262#;#105#;#Gaviezes pag.#;#100016495#;#113#;#Y#;#252#;#EKS#;#Gaviezes pagasts#;#1999.03.16#;#30.06.2021 09:12:15#;##;#0027480#;#Gaviezes pag., Dienvidkurzemes nov.#
#100011478#;#105#;#Glūdas pag.#;#100016534#;#113#;#Y#;#252#;#EKS#;#Glūdas pagasts#;#1999.03.16#;#30.06.2021 07:10:27#;##;#0030420#;#Glūdas pag., Jelgavas nov.#
#100012615#;#105#;#Goliševas pag.#;#100016751#;#113#;#Y#;#252#;#EKS#;#Goliševas pagasts#;#1999.03.16#;#30.06.2021 08:50:05#;##;#0037440#;#Goliševas pag., Ludzas nov.#
#100012270#;#105#;#Gramzdas pag.#;#100016495#;#113#;#Y#;#252#;#EKS#;#Gramzdas pagasts#;#1999.03.16#;#30.06.2021 09:12:15#;##;#0027490#;#Gramzdas pag., Dienvidkurzemes nov.#
#100013360#;#105#;#Griškānu pag.#;#100016542#;#113#;#Y#;#252#;#EKS#;#Griškānu pagasts#;#1999.03.16#;#30.06.2021 07:59:19#;##;#0043470#;#Griškānu pag., Rēzeknes nov.#
#100014932#;#105#;#Grobiņas pag.#;#100016495#;#113#;#Y#;#252#;#EKS#;#Grobiņas pagasts#;#1999.03.16#;#30.06.2021 09:12:15#;##;#0027500#;#Grobiņas pag., Dienvidkurzemes nov.#
#100014338#;#105#;#Grundzāles pag.#;#100016735#;#113#;#Y#;#252#;#EKS#;#Grundzāles pagasts#;#1999.03.16#;#30.06.2021 08:30:18#;##;#0049460#;#Grundzāles pag., Smiltenes nov.#
#100014908#;#105#;#Grāveru pag.#;#100016743#;#113#;#Y#;#252#;#EKS#;#Grāveru pagasts#;#1999.03.16#;#30.06.2021 08:02:48#;##;#0032470#;#Grāveru pag., Krāslavas nov.#
#100012045#;#105#;#Gudenieku pag.#;#100016696#;#113#;#Y#;#252#;#EKS#;#Gudenieku pagasts#;#1999.03.16#;#30.06.2021 09:09:54#;##;#0033420#;#Gudenieku pag., Kuldīgas nov.#
#100011687#;#105#;#Gārsenes pag.#;#100016421#;#113#;#Y#;#252#;#EKS#;#Gārsenes pagasts#;#1999.03.16#;#30.06.2021 05:41:17#;##;#0031470#;#Gārsenes pag., Jēkabpils nov.#
#100016614#;#105#;#Iecavas pag.#;#100016575#;#113#;#Y#;#252#;#EKS#;#Iecavas pagasts#;#2021.07.01#;#15.07.2021 18:01:49#;##;#0025460#;#Iecavas pag., Bauskas nov.#
#100010603#;#105#;#Iecavas pag.#;#100015411#;#113#;#Y#;#252#;#DEL#;#Iecavas pagasts#;#1999.03.16#;#30.06.2009 09:59:53#;#2003.01.13#;#0406400#;#Iecavas pag., Iecavas nov.#
#100010242#;#105#;#Ilzenes pag.#;#100015694#;#113#;#Y#;#252#;#EKS#;#Ilzenes pagasts#;#1999.03.16#;#30.06.2021 07:13:39#;##;#0021420#;#Ilzenes pag., Alūksnes nov.#
#100013377#;#105#;#Ilzeskalna pag.#;#100016542#;#113#;#Y#;#252#;#EKS#;#Ilzeskalna pagasts#;#1999.03.16#;#30.06.2021 07:59:19#;##;#0043480#;#Ilzeskalna pag., Rēzeknes nov.#
#100011863#;#105#;#Indras pag.#;#100016743#;#113#;#Y#;#252#;#EKS#;#Indras pagasts#;#1999.03.16#;#30.06.2021 08:03:10#;##;#0032480#;#Indras pag., Krāslavas nov.#
#100012832#;#105#;#Indrānu pag.#;#100016671#;#113#;#Y#;#252#;#EKS#;#Indrānu pagasts#;#1999.03.16#;#30.06.2021 08:00:31#;##;#0038460#;#Indrānu pag., Madonas nov.#
#100010740#;#105#;#Inešu pag.#;#100016487#;#113#;#Y#;#252#;#EKS#;#Inešu pagasts#;#1999.03.16#;#30.06.2021 06:47:17#;##;#0026430#;#Inešu pag., Cēsu nov.#
#100013658#;#105#;#Inčukalna pag.#;#100016768#;#113#;#Y#;#252#;#EKS#;#Inčukalna pagasts#;#1999.03.16#;#18.10.2021 13:25:26#;##;#0048410#;#Inčukalna pag., Siguldas nov.#
#100014506#;#105#;#Ipiķu pag.#;#100016647#;#113#;#Y#;#252#;#EKS#;#Ipiķu pagasts#;#1999.03.16#;#30.06.2021 07:31:01#;##;#0054450#;#Ipiķu pag., Valmieras nov.#
#100014145#;#105#;#Irlavas pag.#;#100016710#;#113#;#Y#;#252#;#EKS#;#Irlavas pagasts#;#1999.03.16#;#30.06.2021 08:01:55#;##;#0052440#;#Irlavas pag., Tukuma nov.#
#100010058#;#105#;#Iršu pag.#;#100016630#;#113#;#Y#;#252#;#EKS#;#Iršu pagasts#;#1999.03.16#;#30.06.2021 07:25:13#;##;#0020440#;#Iršu pag., Aizkraukles nov.#
#100012623#;#105#;#Isnaudas pag.#;#100016751#;#113#;#Y#;#252#;#EKS#;#Isnaudas pagasts#;#1999.03.16#;#30.06.2021 08:50:05#;##;#0037450#;#Isnaudas pag., Ludzas nov.#
#100012631#;#105#;#Istras pag.#;#100016751#;#113#;#Y#;#252#;#EKS#;#Istras pagasts#;#1999.03.16#;#30.06.2021 08:50:05#;##;#0037460#;#Istras pag., Ludzas nov.#
#100011871#;#105#;#Izvaltas pag.#;#100016743#;#113#;#Y#;#252#;#EKS#;#Izvaltas pagasts#;#1999.03.16#;#30.06.2021 08:03:35#;##;#0032490#;#Izvaltas pag., Krāslavas nov.#
#100010250#;#105#;#Jaunalūksnes pag.#;#100015694#;#113#;#Y#;#252#;#EKS#;#Jaunalūksnes pagasts#;#1999.03.16#;#30.06.2021 07:14:40#;##;#0021430#;#Jaunalūksnes pag., Alūksnes nov.#
#100010267#;#105#;#Jaunannas pag.#;#100015694#;#113#;#Y#;#252#;#EKS#;#Jaunannas pagasts#;#1999.03.16#;#30.06.2021 07:15:31#;##;#0021440#;#Jaunannas pag., Alūksnes nov.#
#100015075#;#105#;#Jaunauces pag.#;#100016663#;#113#;#Y#;#252#;#EKS#;#Jaunauces pagasts#;#1999.03.16#;#30.06.2021 09:11:25#;##;#0046440#;#Jaunauces pag., Saldus nov.#
#100011260#;#105#;#Jaunbērzes pag.#;#100016622#;#113#;#Y#;#252#;#EKS#;#Jaunbērzes pagasts#;#1999.03.16#;#30.06.2021 07:57:37#;##;#0028490#;#Jaunbērzes pag., Dobeles nov.#
#100011365#;#105#;#Jaungulbenes pag.#;#100015854#;#113#;#Y#;#252#;#EKS#;#Jaungulbenes pagasts#;#1999.03.16#;#30.06.2021 04:40:30#;##;#0029440#;#Jaungulbenes pag., Gulbenes nov.#
#100010000#;#105#;#Jaunjelgavas pag.#;#100016630#;#113#;#Y#;#252#;#EKS#;#Jaunjelgavas pagasts#;#1996.05.29#;#30.06.2021 07:25:41#;##;#0020450#;#Jaunjelgavas pag., Aizkraukles nov.#
#100010275#;#105#;#Jaunlaicenes pag.#;#100015694#;#113#;#Y#;#252#;#EKS#;#Jaunlaicenes pagasts#;#1999.03.16#;#30.06.2021 07:16:11#;##;#0021450#;#Jaunlaicenes pag., Alūksnes nov.#
#100013770#;#105#;#Jaunlutriņu pag.#;#100016663#;#113#;#Y#;#252#;#EKS#;#Jaunlutriņu pagasts#;#1999.03.16#;#30.06.2021 09:11:25#;##;#0046450#;#Jaunlutriņu pag., Saldus nov.#
#100010757#;#105#;#Jaunpiebalgas pag.#;#100016487#;#113#;#Y#;#252#;#EKS#;#Jaunpiebalgas pagasts#;#1999.03.16#;#30.06.2021 06:48:07#;##;#0026440#;#Jaunpiebalgas pag., Cēsu nov.#
#100014153#;#105#;#Jaunpils pag.#;#100016710#;#113#;#Y#;#252#;#EKS#;#Jaunpils pagasts#;#1999.03.16#;#30.06.2021 08:01:55#;##;#0052450#;#Jaunpils pag., Tukuma nov.#
#100011486#;#105#;#Jaunsvirlaukas pag.#;#100016534#;#113#;#Y#;#252#;#EKS#;#Jaunsvirlaukas pagasts#;#1999.03.16#;#30.06.2021 07:11:46#;##;#0030430#;#Jaunsvirlaukas pag., Jelgavas nov.#
#100015083#;#105#;#Jaunsātu pag.#;#100016710#;#113#;#Y#;#252#;#EKS#;#Jaunsātu pagasts#;#1999.03.16#;#30.06.2021 08:01:55#;##;#0052460#;#Jaunsātu pag., Tukuma nov.#
#100013176#;#105#;#Jersikas pag.#;#100015243#;#113#;#Y#;#252#;#EKS#;#Jersikas pagasts#;#1999.03.16#;#30.06.2021 06:17:52#;##;#0036400#;#Jersikas pag., Līvānu nov.#
#100014514#;#105#;#Jeru pag.#;#100016647#;#113#;#Y#;#252#;#EKS#;#Jeru pagasts#;#1999.03.16#;#30.06.2021 07:31:38#;##;#0054460#;#Jeru pag., Valmieras nov.#
#100013022#;#105#;#Jumpravas pag.#;#100016688#;#113#;#Y#;#252#;#EKS#;#Jumpravas pagasts#;#1999.03.16#;#30.06.2021 08:10:58#;##;#0040410#;#Jumpravas pag., Ogres nov.#
#100012840#;#105#;#Jumurdas pag.#;#100016671#;#113#;#Y#;#252#;#EKS#;#Jumurdas pagasts#;#1999.03.16#;#30.06.2021 08:00:31#;##;#0038470#;#Jumurdas pag., Madonas nov.#
#100014346#;#105#;#Jērcēnu pag.#;#100016647#;#113#;#Y#;#252#;#EKS#;#Jērcēnu pagasts#;#1999.03.16#;#30.06.2021 07:32:23#;##;#0054470#;#Jērcēnu pag., Valmieras nov.#
#100014676#;#105#;#Jūrkalnes pag.#;#100016333#;#113#;#Y#;#252#;#EKS#;#Jūrkalnes pagasts#;#1999.03.16#;#30.06.2021 07:44:58#;##;#0056410#;#Jūrkalnes pag., Ventspils nov.#
#100012061#;#105#;#Kabiles pag.#;#100016696#;#113#;#Y#;#252#;#EKS#;#Kabiles pagasts#;#1999.03.16#;#30.06.2021 09:09:55#;##;#0033440#;#Kabiles pag., Kuldīgas nov.#
#100010765#;#105#;#Kaives pag.#;#100016487#;#113#;#Y#;#252#;#EKS#;#Kaives pagasts#;#1999.03.16#;#30.06.2021 06:48:52#;##;#0026450#;#Kaives pag., Cēsu nov.#
#100010982#;#105#;#Kalkūnes pag.#;#100016462#;#113#;#Y#;#252#;#EKS#;#Kalkūnes pagasts#;#1999.03.16#;#30.06.2021 05:52:45#;##;#0022470#;#Kalkūnes pag., Augšdaugavas nov.#
#100011695#;#105#;#Kalna pag.#;#100016421#;#113#;#Y#;#252#;#EKS#;#Kalna pagasts#;#1999.03.16#;#30.06.2021 05:41:32#;##;#0031480#;#Kalna pag., Jēkabpils nov.#
#100010283#;#105#;#Kalncempju pag.#;#100015694#;#113#;#Y#;#252#;#EKS#;#Kalncempju pagasts#;#1999.03.16#;#30.06.2021 07:16:54#;##;#0021460#;#Kalncempju pag., Alūksnes nov.#
#100016374#;#105#;#Kalnciema pag.#;#100015895#;#113#;#Y#;#253#;#ERR#;#Kalnciema pagasts#;#2010.02.15#;#24.05.2010 17:01:36#;##;#0540258#;#Kalnciema pag., Jelgavas nov.#
#100011445#;#105#;#Kalnciema pag.#;#100016534#;#113#;#Y#;#253#;#EKS#;#Kalnciema pagasts#;#1999.03.16#;#30.06.2021 07:12:59#;##;#0030440#;#Kalnciema pag., Jelgavas nov.#
#100011888#;#105#;#Kalniešu pag.#;#100016743#;#113#;#Y#;#252#;#EKS#;#Kalniešu pagasts#;#1999.03.16#;#30.06.2021 08:03:59#;##;#0032500#;#Kalniešu pag., Krāslavas nov.#
#100012857#;#105#;#Kalsnavas pag.#;#100016671#;#113#;#Y#;#252#;#EKS#;#Kalsnavas pagasts#;#1999.03.16#;#30.06.2021 08:00:31#;##;#0038480#;#Kalsnavas pag., Madonas nov.#
#100010990#;#105#;#Kalupes pag.#;#100016462#;#113#;#Y#;#252#;#EKS#;#Kalupes pagasts#;#1999.03.16#;#30.06.2021 06:08:18#;##;#0022480#;#Kalupes pag., Augšdaugavas nov.#
#100012295#;#105#;#Kalvenes pag.#;#100016495#;#113#;#Y#;#252#;#EKS#;#Kalvenes pagasts#;#1999.03.16#;#30.06.2021 09:12:16#;##;#0027520#;#Kalvenes pag., Dienvidkurzemes nov.#
#100012287#;#105#;#Kalētu pag.#;#100016495#;#113#;#Y#;#252#;#EKS#;#Kalētu pagasts#;#1999.03.16#;#30.06.2021 09:12:16#;##;#0027510#;#Kalētu pag., Dienvidkurzemes nov.#
#100014161#;#105#;#Kandavas pag.#;#100016710#;#113#;#Y#;#252#;#EKS#;#Kandavas pagasts#;#1999.03.16#;#30.06.2021 08:01:55#;##;#0052470#;#Kandavas pag., Tukuma nov.#
#100013385#;#105#;#Kantinieku pag.#;#100016542#;#113#;#Y#;#252#;#EKS#;#Kantinieku pagasts#;#1999.03.16#;#30.06.2021 07:59:19#;##;#0043490#;#Kantinieku pag., Rēzeknes nov.#
#100014916#;#105#;#Kaplavas pag.#;#100016743#;#113#;#Y#;#252#;#EKS#;#Kaplavas pagasts#;#1999.03.16#;#30.06.2021 08:04:23#;##;#0032510#;#Kaplavas pag., Krāslavas nov.#
#100011896#;#105#;#Kastuļinas pag.#;#100016743#;#113#;#Y#;#252#;#EKS#;#Kastuļinas pagasts#;#1999.03.16#;#30.06.2021 08:04:54#;##;#0032520#;#Kastuļinas pag., Krāslavas nov.#
#100012471#;#105#;#Katvaru pag.#;#100016606#;#113#;#Y#;#252#;#EKS#;#Katvaru pagasts#;#1999.03.16#;#30.06.2021 07:15:46#;##;#0035440#;#Katvaru pag., Limbažu nov.#
#100014522#;#105#;#Kauguru pag.#;#100016647#;#113#;#Y#;#252#;#EKS#;#Kauguru pagasts#;#1999.03.16#;#30.06.2021 07:33:11#;##;#0054480#;#Kauguru pag., Valmieras nov.#
#100013393#;#105#;#Kaunatas pag.#;#100016542#;#113#;#Y#;#252#;#EKS#;#Kaunatas pagasts#;#1999.03.16#;#30.06.2021 07:59:19#;##;#0043500#;#Kaunatas pag., Rēzeknes nov.#
#100012301#;#105#;#Kazdangas pag.#;#100016495#;#113#;#Y#;#252#;#EKS#;#Kazdangas pagasts#;#1999.03.16#;#30.06.2021 09:12:16#;##;#0027530#;#Kazdangas pag., Dienvidkurzemes nov.#
#100010066#;#105#;#Klintaines pag.#;#100016630#;#113#;#Y#;#252#;#EKS#;#Klintaines pagasts#;#1999.03.16#;#30.06.2021 07:26:04#;##;#0020460#;#Klintaines pag., Aizkraukles nov.#
#100014530#;#105#;#Kocēnu pag.#;#100016647#;#113#;#Y#;#252#;#EKS#;#Kocēnu pagasts#;#1999.03.16#;#30.06.2021 07:33:55#;##;#0054490#;#Kocēnu pag., Valmieras nov.#
#100010074#;#105#;#Kokneses pag.#;#100016630#;#113#;#Y#;#252#;#EKS#;#Kokneses pagasts#;#1999.03.16#;#19.04.2022 17:03:27#;##;#0020470#;#Kokneses pag., Aizkraukles nov.#
#100013971#;#105#;#Kolkas pag.#;#100016390#;#113#;#Y#;#252#;#EKS#;#Kolkas pagasts#;#1999.03.16#;#30.06.2021 05:10:12#;##;#0051460#;#Kolkas pag., Talsu nov.#
#100011902#;#105#;#Kombuļu pag.#;#100016743#;#113#;#Y#;#252#;#EKS#;#Kombuļu pagasts#;#1999.03.16#;#30.06.2021 08:05:16#;##;#0032530#;#Kombuļu pag., Krāslavas nov.#
#100011910#;#105#;#Konstantinovas pag.#;#100016743#;#113#;#Y#;#252#;#EKS#;#Konstantinovas pagasts#;#1999.03.16#;#30.06.2021 08:05:39#;##;#0032540#;#Konstantinovas pag., Krāslavas nov.#
#100013030#;#105#;#Krapes pag.#;#100016688#;#113#;#Y#;#252#;#EKS#;#Krapes pagasts#;#1999.03.16#;#30.06.2021 08:11:32#;##;#0040420#;#Krapes pag., Ogres nov.#
#100015042#;#105#;#Krimuldas pag.#;#100016768#;#113#;#Y#;#252#;#EKS#;#Krimuldas pagasts#;#1999.03.16#;#30.06.2021 08:51:31#;##;#0048420#;#Krimuldas pag., Siguldas nov.#
#100011277#;#105#;#Krimūnu pag.#;#100016622#;#113#;#Y#;#252#;#EKS#;#Krimūnu pagasts#;#1999.03.16#;#30.06.2021 07:58:13#;##;#0028500#;#Krimūnu pag., Dobeles nov.#
#100010410#;#105#;#Krišjāņu pag.#;#100016438#;#113#;#Y#;#252#;#EKS#;#Krišjāņu pagasts#;#1999.03.16#;#30.06.2021 06:12:58#;##;#0024450#;#Krišjāņu pag., Balvu nov.#
#100011701#;#105#;#Krustpils pag.#;#100016421#;#113#;#Y#;#252#;#EKS#;#Krustpils pagasts#;#1999.03.16#;#30.06.2021 05:41:42#;##;#0031490#;#Krustpils pag., Jēkabpils nov.#
#100011927#;#105#;#Krāslavas pag.#;#100016743#;#113#;#Y#;#252#;#EKS#;#Krāslavas pagasts#;#1999.03.16#;#30.06.2021 08:06:02#;##;#0032550#;#Krāslavas pag., Krāslavas nov.#
#100010427#;#105#;#Kubulu pag.#;#100016438#;#113#;#Y#;#252#;#EKS#;#Kubulu pagasts#;#1999.03.16#;#30.06.2021 06:14:03#;##;#0024460#;#Kubulu pag., Balvu nov.#
#100010435#;#105#;#Kupravas pag.#;#100016438#;#113#;#Y#;#252#;#EKS#;#Kupravas pagasts#;#1999.03.16#;#30.06.2021 06:15:37#;##;#0024470#;#Kupravas pag., Balvu nov.#
#100010082#;#105#;#Kurmenes pag.#;#100016575#;#113#;#Y#;#252#;#EKS#;#Kurmenes pagasts#;#1999.03.16#;#30.06.2021 07:19:25#;##;#0025480#;#Kurmenes pag., Bauskas nov.#
#100012078#;#105#;#Kurmāles pag.#;#100016696#;#113#;#Y#;#252#;#EKS#;#Kurmāles pagasts#;#1999.03.16#;#30.06.2021 09:09:55#;##;#0033450#;#Kurmāles pag., Kuldīgas nov.#
#100013787#;#105#;#Kursīšu pag.#;#100016663#;#113#;#Y#;#252#;#EKS#;#Kursīšu pagasts#;#1999.03.16#;#30.06.2021 09:11:25#;##;#0046460#;#Kursīšu pag., Saldus nov.#
#100014354#;#105#;#Kārķu pag.#;#100016286#;#113#;#Y#;#252#;#EKS#;#Kārķu pagasts#;#1999.03.16#;#30.06.2021 05:24:26#;##;#0053410#;#Kārķu pag., Valkas nov.#
#100011718#;#105#;#Kūku pag.#;#100016421#;#113#;#Y#;#252#;#EKS#;#Kūku pagasts#;#1999.03.16#;#30.06.2021 05:41:52#;##;#0031500#;#Kūku pag., Jēkabpils nov.#
#100012086#;#105#;#Laidu pag.#;#100016696#;#113#;#Y#;#252#;#EKS#;#Laidu pagasts#;#1999.03.16#;#30.06.2021 09:09:55#;##;#0033460#;#Laidu pag., Kuldīgas nov.#
#100013996#;#105#;#Laidzes pag.#;#100016390#;#113#;#Y#;#252#;#EKS#;#Laidzes pagasts#;#1999.03.16#;#30.06.2021 05:02:04#;##;#0051480#;#Laidzes pag., Talsu nov.#
#100014178#;#105#;#Lapmežciema pag.#;#100016710#;#113#;#Y#;#252#;#EKS#;#Lapmežciema pagasts#;#1999.03.16#;#30.06.2021 08:01:56#;##;#0052480#;#Lapmežciema pag., Tukuma nov.#
#100013055#;#105#;#Lauberes pag.#;#100016688#;#113#;#Y#;#252#;#EKS#;#Lauberes pagasts#;#1999.03.16#;#30.06.2021 08:12:38#;##;#0040440#;#Lauberes pag., Ogres nov.#
#100011002#;#105#;#Laucesas pag.#;#100016462#;#113#;#Y#;#252#;#EKS#;#Laucesas pagasts#;#1999.03.16#;#30.06.2021 06:08:47#;##;#0022490#;#Laucesas pag., Augšdaugavas nov.#
#100014008#;#105#;#Laucienes pag.#;#100016390#;#113#;#Y#;#252#;#EKS#;#Laucienes pagasts#;#1999.03.16#;#30.06.2021 05:02:30#;##;#0051490#;#Laucienes pag., Talsu nov.#
#100012648#;#105#;#Lauderu pag.#;#100016751#;#113#;#Y#;#252#;#EKS#;#Lauderu pagasts#;#1999.03.16#;#30.06.2021 08:50:05#;##;#0037470#;#Lauderu pag., Ludzas nov.#
#100014362#;#105#;#Launkalnes pag.#;#100016735#;#113#;#Y#;#252#;#EKS#;#Launkalnes pagasts#;#1999.03.16#;#30.06.2021 08:31:03#;##;#0049470#;#Launkalnes pag., Smiltenes nov.#
#100012865#;#105#;#Lazdonas pag.#;#100016671#;#113#;#Y#;#252#;#EKS#;#Lazdonas pagasts#;#1999.03.16#;#30.06.2021 08:00:31#;##;#0038490#;#Lazdonas pag., Madonas nov.#
#100014780#;#105#;#Lazdukalna pag.#;#100016438#;#113#;#Y#;#252#;#EKS#;#Lazdukalna pagasts#;#1999.03.16#;#30.06.2021 06:16:46#;##;#0024480#;#Lazdukalna pag., Balvu nov.#
#100010443#;#105#;#Lazdulejas pag.#;#100016438#;#113#;#Y#;#252#;#EKS#;#Lazdulejas pagasts#;#1999.03.16#;#30.06.2021 06:17:43#;##;#0024490#;#Lazdulejas pag., Balvu nov.#
#100012318#;#105#;#Lažas pag.#;#100016495#;#113#;#Y#;#252#;#EKS#;#Lažas pagasts#;#1999.03.16#;#30.06.2021 09:12:16#;##;#0027540#;#Lažas pag., Dienvidkurzemes nov.#
#100011726#;#105#;#Leimaņu pag.#;#100016421#;#113#;#Y#;#252#;#EKS#;#Leimaņu pagasts#;#1999.03.16#;#30.06.2021 05:30:14#;##;#0031510#;#Leimaņu pag., Jēkabpils nov.#
#100011373#;#105#;#Lejasciema pag.#;#100015854#;#113#;#Y#;#252#;#EKS#;#Lejasciema pagasts#;#1999.03.16#;#30.06.2021 05:07:53#;##;#0029450#;#Lejasciema pag., Gulbenes nov.#
#100013408#;#105#;#Lendžu pag.#;#100016542#;#113#;#Y#;#252#;#EKS#;#Lendžu pagasts#;#1999.03.16#;#30.06.2021 07:59:19#;##;#0043510#;#Lendžu pag., Rēzeknes nov.#
#100014186#;#105#;#Lestenes pag.#;#100016710#;#113#;#Y#;#252#;#EKS#;#Lestenes pagasts#;#1999.03.16#;#30.06.2021 08:01:56#;##;#0052490#;#Lestenes pag., Tukuma nov.#
#100011285#;#105#;#Lielauces pag.#;#100016622#;#113#;#Y#;#252#;#EKS#;#Lielauces pagasts#;#1999.03.16#;#30.06.2021 07:58:52#;##;#0028510#;#Lielauces pag., Dobeles nov.#
#100011494#;#105#;#Lielplatones pag.#;#100016534#;#113#;#Y#;#252#;#EKS#;#Lielplatones pagasts#;#1999.03.16#;#30.06.2021 07:14:00#;##;#0030450#;#Lielplatones pag., Jelgavas nov.#
#100013006#;#105#;#Lielvārdes pag.#;#100016688#;#113#;#Y#;#252#;#EKS#;#Lielvārdes pagasts#;#1999.03.16#;#30.06.2021 08:14:00#;##;#0040460#;#Lielvārdes pag., Ogres nov.#
#100010773#;#105#;#Liepas pag.#;#100016487#;#113#;#Y#;#252#;#EKS#;#Liepas pagasts#;#1999.03.16#;#30.06.2021 06:49:31#;##;#0026460#;#Liepas pag., Cēsu nov.#
#100010291#;#105#;#Liepnas pag.#;#100015694#;#113#;#Y#;#252#;#EKS#;#Liepnas pagasts#;#1999.03.16#;#30.06.2021 07:17:33#;##;#0021470#;#Liepnas pag., Alūksnes nov.#
#100012496#;#105#;#Liepupes pag.#;#100016606#;#113#;#Y#;#252#;#EKS#;#Liepupes pagasts#;#1999.03.16#;#30.06.2021 07:16:31#;##;#0035450#;#Liepupes pag., Limbažu nov.#
#100012873#;#105#;#Liezēres pag.#;#100016671#;#113#;#Y#;#252#;#EKS#;#Liezēres pagasts#;#1999.03.16#;#30.06.2021 08:00:31#;##;#0038500#;#Liezēres pag., Madonas nov.#
#100012502#;#105#;#Limbažu pag.#;#100016606#;#113#;#Y#;#252#;#EKS#;#Limbažu pagasts#;#1999.03.16#;#30.06.2021 07:17:10#;##;#0035460#;#Limbažu pag., Limbažu nov.#
#100011381#;#105#;#Litenes pag.#;#100015854#;#113#;#Y#;#252#;#EKS#;#Litenes pagasts#;#1999.03.16#;#30.06.2021 05:08:54#;##;#0029460#;#Litenes pag., Gulbenes nov.#
#100011398#;#105#;#Lizuma pag.#;#100015854#;#113#;#Y#;#252#;#EKS#;#Lizuma pagasts#;#1999.03.16#;#30.06.2021 05:09:49#;##;#0029470#;#Lizuma pag., Gulbenes nov.#
#100014555#;#105#;#Lodes pag.#;#100016647#;#113#;#Y#;#252#;#EKS#;#Lodes pagasts#;#1999.03.16#;#30.06.2021 07:35:35#;##;#0054510#;#Lodes pag., Valmieras nov.#
#100014024#;#105#;#Lubes pag.#;#100016390#;#113#;#Y#;#252#;#EKS#;#Lubes pagasts#;#1999.03.16#;#30.06.2021 05:03:30#;##;#0051510#;#Lubes pag., Talsu nov.#
#100013795#;#105#;#Lutriņu pag.#;#100016663#;#113#;#Y#;#252#;#EKS#;#Lutriņu pagasts#;#1999.03.16#;#30.06.2021 09:11:25#;##;#0046470#;#Lutriņu pag., Saldus nov.#
#100013063#;#105#;#Lēdmanes pag.#;#100016688#;#113#;#Y#;#252#;#EKS#;#Lēdmanes pagasts#;#1999.03.16#;#30.06.2021 08:13:25#;##;#0040450#;#Lēdmanes pag., Ogres nov.#
#100012488#;#105#;#Lēdurgas pag.#;#100016768#;#113#;#Y#;#252#;#EKS#;#Lēdurgas pagasts#;#1999.03.16#;#30.06.2021 08:52:26#;##;#0048430#;#Lēdurgas pag., Siguldas nov.#
#100014016#;#105#;#Lībagu pag.#;#100016390#;#113#;#Y#;#252#;#EKS#;#Lībagu pagasts#;#1999.03.16#;#30.06.2021 05:02:57#;##;#0051500#;#Lībagu pag., Talsu nov.#
#100011010#;#105#;#Līdumnieku pag.#;#100001057#;#102#;#Y#;#252#;#DEL#;#Līdumnieku pagasts#;#1983.02.24#;#10.01.2003 18:20:53#;#1998.10.02#;#4466#;#Līdumnieku pag., Daugavpils raj.#
#100012656#;#105#;#Līdumnieku pag.#;#100016751#;#113#;#Y#;#252#;#EKS#;#Līdumnieku pagasts#;#1999.03.16#;#30.06.2021 08:50:05#;##;#0037480#;#Līdumnieku pag., Ludzas nov.#
#100010781#;#105#;#Līgatnes pag.#;#100016487#;#113#;#Y#;#252#;#EKS#;#Līgatnes pagasts#;#1999.03.16#;#30.06.2021 06:50:11#;##;#0026470#;#Līgatnes pag., Cēsu nov.#
#100014860#;#105#;#Līgo pag.#;#100015854#;#113#;#Y#;#252#;#EKS#;#Līgo pagasts#;#1999.03.16#;#30.06.2021 05:10:41#;##;#0029480#;#Līgo pag., Gulbenes nov.#
#100011027#;#105#;#Līksnas pag.#;#100016462#;#113#;#Y#;#252#;#EKS#;#Līksnas pagasts#;#1999.03.16#;#30.06.2021 06:09:19#;##;#0022500#;#Līksnas pag., Augšdaugavas nov.#
#100011500#;#105#;#Līvbērzes pag.#;#100016534#;#113#;#Y#;#252#;#EKS#;#Līvbērzes pagasts#;#1999.03.16#;#30.06.2021 07:15:02#;##;#0030460#;#Līvbērzes pag., Jelgavas nov.#
#100013416#;#105#;#Lūznavas pag.#;#100016542#;#113#;#Y#;#252#;#EKS#;#Lūznavas pagasts#;#1999.03.16#;#30.06.2021 07:59:20#;##;#0043520#;#Lūznavas pag., Rēzeknes nov.#
#100013071#;#105#;#Madlienas pag.#;#100016688#;#113#;#Y#;#252#;#EKS#;#Madlienas pagasts#;#1999.03.16#;#30.06.2021 08:14:32#;##;#0040470#;#Madlienas pag., Ogres nov.#
#100010306#;#105#;#Malienas pag.#;#100015694#;#113#;#Y#;#252#;#EKS#;#Malienas pagasts#;#1999.03.16#;#30.06.2021 07:18:14#;##;#0021480#;#Malienas pag., Alūksnes nov.#
#100012664#;#105#;#Malnavas pag.#;#100016751#;#113#;#Y#;#252#;#EKS#;#Malnavas pagasts#;#1999.03.16#;#30.06.2021 08:50:06#;##;#0037490#;#Malnavas pag., Ludzas nov.#
#100013424#;#105#;#Maltas pag.#;#100016542#;#113#;#Y#;#252#;#EKS#;#Maltas pagasts#;#1999.03.16#;#30.06.2021 07:59:20#;##;#0043530#;#Maltas pag., Rēzeknes nov.#
#100015091#;#105#;#Matkules pag.#;#100016710#;#113#;#Y#;#252#;#EKS#;#Matkules pagasts#;#1999.03.16#;#30.06.2021 08:01:56#;##;#0052500#;#Matkules pag., Tukuma nov.#
#100014563#;#105#;#Matīšu pag.#;#100016647#;#113#;#Y#;#252#;#EKS#;#Matīšu pagasts#;#1999.03.16#;#30.06.2021 07:36:24#;##;#0054520#;#Matīšu pag., Valmieras nov.#
#100013088#;#105#;#Mazozolu pag.#;#100016688#;#113#;#Y#;#252#;#EKS#;#Mazozolu pagasts#;#1999.03.16#;#30.06.2021 08:15:05#;##;#0040480#;#Mazozolu pag., Ogres nov.#
#100014450#;#105#;#Mazsalacas pag.#;#100016647#;#113#;#Y#;#252#;#EKS#;#Mazsalacas pagasts#;#1999.03.16#;#30.06.2021 07:37:08#;##;#0054530#;#Mazsalacas pag., Valmieras nov.#
#100010090#;#105#;#Mazzalves pag.#;#100016630#;#113#;#Y#;#252#;#EKS#;#Mazzalves pagasts#;#1999.03.16#;#30.06.2021 07:26:59#;##;#0020480#;#Mazzalves pag., Aizkraukles nov.#
#100011035#;#105#;#Maļinovas pag.#;#100016462#;#113#;#Y#;#252#;#EKS#;#Maļinovas pagasts#;#1999.03.16#;#30.06.2021 06:09:47#;##;#0022510#;#Maļinovas pag., Augšdaugavas nov.#
#100011043#;#105#;#Medumu pag.#;#100016462#;#113#;#Y#;#252#;#EKS#;#Medumu pagasts#;#1999.03.16#;#30.06.2021 06:10:13#;##;#0022520#;#Medumu pag., Augšdaugavas nov.#
#100014940#;#105#;#Medzes pag.#;#100016495#;#113#;#Y#;#253#;#EKS#;#Medzes pagasts#;#1999.03.16#;#30.06.2021 09:12:16#;##;#0027550#;#Medzes pag., Dienvidkurzemes nov.#
#100010451#;#105#;#Medņevas pag.#;#100016438#;#113#;#Y#;#252#;#EKS#;#Medņevas pagasts#;#1999.03.16#;#30.06.2021 06:19:02#;##;#0024500#;#Medņevas pag., Balvu nov.#
#100013096#;#105#;#Meņģeles pag.#;#100016688#;#113#;#Y#;#252#;#EKS#;#Meņģeles pagasts#;#1999.03.16#;#30.06.2021 08:15:39#;##;#0040490#;#Meņģeles pag., Ogres nov.#
#100010628#;#105#;#Mežotnes pag.#;#100016575#;#113#;#Y#;#252#;#EKS#;#Mežotnes pagasts#;#1999.03.16#;#30.06.2021 07:19:57#;##;#0025490#;#Mežotnes pag., Bauskas nov.#
#100012672#;#105#;#Mežvidu pag.#;#100016751#;#113#;#Y#;#252#;#EKS#;#Mežvidu pagasts#;#1999.03.16#;#30.06.2021 08:50:06#;##;#0037500#;#Mežvidu pag., Ludzas nov.#
#100011734#;#105#;#Mežāres pag.#;#100016421#;#113#;#Y#;#252#;#EKS#;#Mežāres pagasts#;#1999.03.16#;#30.06.2021 05:30:58#;##;#0031520#;#Mežāres pag., Jēkabpils nov.#
#100012697#;#105#;#Miglinieku pag.#;#100001145#;#102#;#Y#;#252#;#DEL#;#Miglinieku pagasts#;#1999.03.16#;#16.07.2007 11:00:48#;#1999.10.02#;#6874#;#Miglinieku pag., Ludzas raj.#
#100014797#;#105#;#Mores pag.#;#100016768#;#113#;#Y#;#252#;#EKS#;#Mores pagasts#;#1999.03.16#;#30.06.2021 08:53:30#;##;#0048450#;#Mores pag., Siguldas nov.#
#100012912#;#105#;#Murmastienes pag.#;#100016300#;#113#;#Y#;#252#;#EKS#;#Murmastienes pagasts#;#1999.03.16#;#30.06.2021 06:05:07#;##;#0055400#;#Murmastienes pag., Varakļānu nov.#
#100013432#;#105#;#Mākoņkalna pag.#;#100016542#;#113#;#Y#;#252#;#EKS#;#Mākoņkalna pagasts#;#1999.03.16#;#30.06.2021 07:59:20#;##;#0043540#;#Mākoņkalna pag., Rēzeknes nov.#
#100016776#;#105#;#Mālpils pag.#;#100016768#;#113#;#Y#;#252#;#EKS#;#Mālpils pagasts#;#2021.07.01#;#30.06.2021 08:22:37#;##;#0048440#;#Mālpils pag., Siguldas nov.#
#100013674#;#105#;#Mālpils pag.#;#100016011#;#113#;#Y#;#253#;#DEL#;#Mālpils pagasts#;#1999.03.16#;#14.06.2012 15:03:28#;#2009.07.01#;#0807400#;#Mālpils pag., Mālpils nov.#
#100010314#;#105#;#Mālupes pag.#;#100015694#;#113#;#Y#;#252#;#EKS#;#Mālupes pagasts#;#1999.03.16#;#30.06.2021 07:18:58#;##;#0021490#;#Mālupes pag., Alūksnes nov.#
#100012898#;#105#;#Mārcienas pag.#;#100016671#;#113#;#Y#;#252#;#EKS#;#Mārcienas pagasts#;#1999.03.16#;#30.06.2021 08:00:32#;##;#0038520#;#Mārcienas pag., Madonas nov.#
#100010322#;#105#;#Mārkalnes pag.#;#100015694#;#113#;#Y#;#252#;#EKS#;#Mārkalnes pagasts#;#1999.03.16#;#30.06.2021 07:19:55#;##;#0021500#;#Mārkalnes pag., Alūksnes nov.#
#100010798#;#105#;#Mārsnēnu pag.#;#100016487#;#113#;#Y#;#252#;#EKS#;#Mārsnēnu pagasts#;#1999.03.16#;#30.06.2021 06:50:58#;##;#0026480#;#Mārsnēnu pag., Cēsu nov.#
#100013682#;#105#;#Mārupes pag.#;#100016028#;#113#;#Y#;#253#;#DEL#;#Mārupes pagasts#;#1999.03.16#;#14.06.2012 14:40:11#;#2009.07.01#;#0807600#;#Mārupes pag., Mārupes nov.#
#100016591#;#105#;#Mārupes pag.#;#100016583#;#113#;#Y#;#252#;#EKS#;#Mārupes pagasts#;#2021.07.01#;#30.06.2022 17:11:39#;##;#0039411#;#Mārupes pag., Mārupes nov.#
#100012680#;#105#;#Mērdzenes pag.#;#100016751#;#113#;#Y#;#252#;#EKS#;#Mērdzenes pagasts#;#1999.03.16#;#30.06.2021 08:50:06#;##;#0037510#;#Mērdzenes pag., Ludzas nov.#
#100014032#;#105#;#Mērsraga pag.#;#100015598#;#113#;#Y#;#252#;#DEL#;#Mērsraga pagasts#;#1999.03.16#;#29.12.2010 17:26:40#;#2011.01.03#;#0888378#;#Mērsraga pag., Rojas nov.#
#100016413#;#105#;#Mērsraga pag.#;#100016390#;#113#;#Y#;#252#;#EKS#;#Mērsraga pagasts#;#2021.07.01#;#30.06.2021 06:27:10#;##;#0051520#;#Mērsraga pag., Talsu nov.#
#100012904#;#105#;#Mētrienas pag.#;#100016671#;#113#;#Y#;#252#;#EKS#;#Mētrienas pagasts#;#1999.03.16#;#30.06.2021 08:00:32#;##;#0038530#;#Mētrienas pag., Madonas nov.#
#100013440#;#105#;#Nagļu pag.#;#100016542#;#113#;#Y#;#252#;#EKS#;#Nagļu pagasts#;#1999.03.16#;#30.06.2021 07:59:20#;##;#0043550#;#Nagļu pag., Rēzeknes nov.#
#100014836#;#105#;#Naudītes pag.#;#100016622#;#113#;#Y#;#252#;#EKS#;#Naudītes pagasts#;#1999.03.16#;#30.06.2021 07:59:31#;##;#0028520#;#Naudītes pag., Dobeles nov.#
#100011051#;#105#;#Naujenes pag.#;#100016462#;#113#;#Y#;#252#;#EKS#;#Naujenes pagasts#;#1999.03.16#;#30.06.2021 06:10:54#;##;#0022530#;#Naujenes pag., Augšdaugavas nov.#
#100014571#;#105#;#Naukšēnu pag.#;#100016647#;#113#;#Y#;#252#;#EKS#;#Naukšēnu pagasts#;#1999.03.16#;#30.06.2021 07:32:12#;##;#0054540#;#Naukšēnu pag., Valmieras nov.#
#100015227#;#105#;#Nautrēnu pag.#;#100016542#;#113#;#Y#;#252#;#EKS#;#Nautrēnu pagasts#;#1983.02.24#;#30.06.2021 07:59:20#;##;#0043560#;#Nautrēnu pag., Rēzeknes nov.#
#100010105#;#105#;#Neretas pag.#;#100016630#;#113#;#Y#;#252#;#EKS#;#Neretas pagasts#;#1999.03.16#;#30.06.2021 07:27:32#;##;#0020490#;#Neretas pag., Aizkraukles nov.#
#100014965#;#105#;#Nirzas pag.#;#100016751#;#113#;#Y#;#252#;#EKS#;#Nirzas pagasts#;#1999.03.16#;#30.06.2021 08:50:06#;##;#0037520#;#Nirzas pag., Ludzas nov.#
#100013818#;#105#;#Novadnieku pag.#;#100016663#;#113#;#Y#;#252#;#EKS#;#Novadnieku pagasts#;#1999.03.16#;#30.06.2021 09:11:26#;##;#0046490#;#Novadnieku pag., Saldus nov.#
#100012326#;#105#;#Nīcas pag.#;#100016495#;#113#;#Y#;#252#;#EKS#;#Nīcas pagasts#;#1999.03.16#;#30.06.2021 09:12:17#;##;#0027560#;#Nīcas pag., Dienvidkurzemes nov.#
#100011068#;#105#;#Nīcgales pag.#;#100016462#;#113#;#Y#;#252#;#EKS#;#Nīcgales pagasts#;#1999.03.16#;#30.06.2021 06:11:29#;##;#0022540#;#Nīcgales pag., Augšdaugavas nov.#
#100013801#;#105#;#Nīgrandes pag.#;#100016663#;#113#;#Y#;#252#;#EKS#;#Nīgrandes pagasts#;#1999.03.16#;#30.06.2021 09:11:26#;##;#0046480#;#Nīgrandes pag., Saldus nov.#
#100012094#;#105#;#Nīkrāces pag.#;#100016696#;#113#;#Y#;#252#;#EKS#;#Nīkrāces pagasts#;#1999.03.16#;#30.06.2021 09:09:55#;##;#0033470#;#Nīkrāces pag., Kuldīgas nov.#
#100010804#;#105#;#Nītaures pag.#;#100016487#;#113#;#Y#;#252#;#EKS#;#Nītaures pagasts#;#1999.03.16#;#30.06.2021 06:51:46#;##;#0026490#;#Nītaures pag., Cēsu nov.#
#100013102#;#105#;#Ogresgala pag.#;#100016688#;#113#;#Y#;#252#;#EKS#;#Ogresgala pagasts#;#1999.03.16#;#30.06.2021 08:16:26#;##;#0040500#;#Ogresgala pag., Ogres nov.#
#100013690#;#105#;#Olaines pag.#;#100016077#;#113#;#Y#;#252#;#EKS#;#Olaines pagasts#;#1999.03.16#;#30.06.2021 05:45:57#;##;#0041400#;#Olaines pag., Olaines nov.#
#100012334#;#105#;#Otaņķu pag.#;#100016495#;#113#;#Y#;#252#;#EKS#;#Otaņķu pagasts#;#1999.03.16#;#30.06.2021 09:12:17#;##;#0027570#;#Otaņķu pag., Dienvidkurzemes nov.#
#100013457#;#105#;#Ozolaines pag.#;#100016542#;#113#;#Y#;#252#;#EKS#;#Ozolaines pagasts#;#1999.03.16#;#30.06.2021 07:59:21#;##;#0043570#;#Ozolaines pag., Rēzeknes nov.#
#100013465#;#105#;#Ozolmuižas pag.#;#100016542#;#113#;#Y#;#252#;#EKS#;#Ozolmuižas pagasts#;#1999.03.16#;#30.06.2021 07:59:21#;##;#0043580#;#Ozolmuižas pag., Rēzeknes nov.#
#100011517#;#105#;#Ozolnieku pag.#;#100016534#;#113#;#Y#;#252#;#EKS#;#Ozolnieku pagasts#;#1999.03.16#;#30.06.2021 07:15:54#;##;#0030470#;#Ozolnieku pag., Jelgavas nov.#
#100012920#;#105#;#Ošupes pag.#;#100016671#;#113#;#Y#;#252#;#EKS#;#Ošupes pagasts#;#1999.03.16#;#30.06.2021 08:00:32#;##;#0038540#;#Ošupes pag., Madonas nov.#
#100012100#;#105#;#Padures pag.#;#100016696#;#113#;#Y#;#252#;#EKS#;#Padures pagasts#;#1999.03.16#;#30.06.2021 09:09:55#;##;#0033480#;#Padures pag., Kuldīgas nov.#
#100014370#;#105#;#Palsmanes pag.#;#100016735#;#113#;#Y#;#252#;#EKS#;#Palsmanes pagasts#;#1999.03.16#;#30.06.2021 08:31:40#;##;#0049480#;#Palsmanes pag., Smiltenes nov.#
#100013826#;#105#;#Pampāļu pag.#;#100016663#;#113#;#Y#;#252#;#EKS#;#Pampāļu pagasts#;#1999.03.16#;#30.06.2021 09:11:26#;##;#0046500#;#Pampāļu pag., Saldus nov.#
#100012728#;#105#;#Pasienes pag.#;#100016751#;#113#;#Y#;#252#;#EKS#;#Pasienes pagasts#;#1999.03.16#;#30.06.2021 08:50:07#;##;#0037540#;#Pasienes pag., Ludzas nov.#
#100014756#;#105#;#Pededzes pag.#;#100015694#;#113#;#Y#;#252#;#EKS#;#Pededzes pagasts#;#1999.03.16#;#30.06.2021 07:20:40#;##;#0021510#;#Pededzes pag., Alūksnes nov.#
#100015001#;#105#;#Pelēču pag.#;#100016727#;#113#;#Y#;#252#;#EKS#;#Pelēču pagasts#;#1999.03.16#;#30.06.2021 09:36:36#;##;#0042430#;#Pelēču pag., Preiļu nov.#
#100012117#;#105#;#Pelču pag.#;#100016696#;#113#;#Y#;#252#;#EKS#;#Pelču pagasts#;#1999.03.16#;#30.06.2021 09:09:56#;##;#0033490#;#Pelču pag., Kuldīgas nov.#
#100011293#;#105#;#Penkules pag.#;#100016622#;#113#;#Y#;#252#;#EKS#;#Penkules pagasts#;#1999.03.16#;#30.06.2021 08:00:01#;##;#0028530#;#Penkules pag., Dobeles nov.#
#100011943#;#105#;#Piedrujas pag.#;#100016743#;#113#;#Y#;#252#;#EKS#;#Piedrujas pagasts#;#1999.03.16#;#30.06.2021 08:06:47#;##;#0032570#;#Piedrujas pag., Krāslavas nov.#
#100012736#;#105#;#Pildas pag.#;#100016751#;#113#;#Y#;#252#;#EKS#;#Pildas pagasts#;#1999.03.16#;#30.06.2021 08:50:07#;##;#0037550#;#Pildas pag., Ludzas nov.#
#100011076#;#105#;#Pilskalnes pag.#;#100016462#;#113#;#Y#;#252#;#EKS#;#Pilskalnes pagasts#;#1999.03.16#;#30.06.2021 06:12:17#;##;#0022550#;#Pilskalnes pag., Augšdaugavas nov.#
#100010113#;#105#;#Pilskalnes pag.#;#100016630#;#113#;#Y#;#252#;#EKS#;#Pilskalnes pagasts#;#1999.03.16#;#30.06.2021 07:27:56#;##;#0020500#;#Pilskalnes pag., Aizkraukles nov.#
#100014668#;#105#;#Piltenes pag.#;#100016333#;#113#;#Y#;#252#;#EKS#;#Piltenes pagasts#;#1999.03.16#;#30.06.2021 07:46:11#;##;#0056420#;#Piltenes pag., Ventspils nov.#
#100011525#;#105#;#Platones pag.#;#100016534#;#113#;#Y#;#252#;#EKS#;#Platones pagasts#;#1999.03.16#;#30.06.2021 07:17:04#;##;#0030480#;#Platones pag., Jelgavas nov.#
#100014387#;#105#;#Plāņu pag.#;#100016647#;#113#;#Y#;#252#;#EKS#;#Plāņu pagasts#;#1999.03.16#;#30.06.2021 07:32:52#;##;#0054550#;#Plāņu pag., Valmieras nov.#
#100014684#;#105#;#Popes pag.#;#100016333#;#113#;#Y#;#252#;#EKS#;#Popes pagasts#;#1999.03.16#;#30.06.2021 07:47:03#;##;#0056430#;#Popes pag., Ventspils nov.#
#100012937#;#105#;#Praulienas pag.#;#100016671#;#113#;#Y#;#252#;#EKS#;#Praulienas pagasts#;#1999.03.16#;#30.06.2021 08:00:32#;##;#0038550#;#Praulienas pag., Madonas nov.#
#100013184#;#105#;#Preiļu pag.#;#100016727#;#113#;#Y#;#252#;#EKS#;#Preiļu pagasts#;#1999.03.16#;#30.06.2021 07:51:04#;##;#0042440#;#Preiļu pag., Preiļu nov.#
#100012342#;#105#;#Priekules pag.#;#100016495#;#113#;#Y#;#252#;#EKS#;#Priekules pagasts#;#1999.03.16#;#30.06.2021 09:12:17#;##;#0027580#;#Priekules pag., Dienvidkurzemes nov.#
#100010812#;#105#;#Priekuļu pag.#;#100016487#;#113#;#Y#;#252#;#EKS#;#Priekuļu pagasts#;#1999.03.16#;#30.06.2021 06:52:32#;##;#0026500#;#Priekuļu pag., Cēsu nov.#
#100010900#;#105#;#Prodes pag.#;#100016462#;#113#;#Y#;#252#;#EKS#;#Prodes pagasts#;#1999.03.16#;#30.06.2021 06:12:50#;##;#0022560#;#Prodes pag., Augšdaugavas nov.#
#100014973#;#105#;#Pureņu pag.#;#100016751#;#113#;#Y#;#252#;#EKS#;#Pureņu pagasts#;#1999.03.16#;#30.06.2021 08:50:07#;##;#0037560#;#Pureņu pag., Ludzas nov.#
#100014692#;#105#;#Puzes pag.#;#100016333#;#113#;#Y#;#252#;#EKS#;#Puzes pagasts#;#1999.03.16#;#30.06.2021 07:48:43#;##;#0056440#;#Puzes pag., Ventspils nov.#
#100013473#;#105#;#Pušas pag.#;#100016542#;#113#;#Y#;#252#;#EKS#;#Pušas pagasts#;#1999.03.16#;#30.06.2021 07:59:21#;##;#0043590#;#Pušas pag., Rēzeknes nov.#
#100012744#;#105#;#Pušmucovas pag.#;#100016751#;#113#;#Y#;#252#;#EKS#;#Pušmucovas pagasts#;#1999.03.16#;#30.06.2021 08:50:07#;##;#0037570#;#Pušmucovas pag., Ludzas nov.#
#100012510#;#105#;#Pāles pag.#;#100016606#;#113#;#Y#;#252#;#EKS#;#Pāles pagasts#;#1999.03.16#;#30.06.2021 07:17:48#;##;#0035470#;#Pāles pag., Limbažu nov.#
#100014194#;#105#;#Pūres pag.#;#100016710#;#113#;#Y#;#252#;#EKS#;#Pūres pagasts#;#1999.03.16#;#30.06.2021 08:01:56#;##;#0052510#;#Pūres pag., Tukuma nov.#
#100010820#;#105#;#Raiskuma pag.#;#100016487#;#113#;#Y#;#252#;#EKS#;#Raiskuma pagasts#;#1999.03.16#;#30.06.2021 06:53:15#;##;#0026510#;#Raiskuma pag., Cēsu nov.#
#100014588#;#105#;#Ramatas pag.#;#100016647#;#113#;#Y#;#252#;#EKS#;#Ramatas pagasts#;#1999.03.16#;#30.06.2021 07:33:42#;##;#0054560#;#Ramatas pag., Valmieras nov.#
#100011404#;#105#;#Rankas pag.#;#100015854#;#113#;#Y#;#252#;#EKS#;#Rankas pagasts#;#1999.03.16#;#30.06.2021 05:11:40#;##;#0029490#;#Rankas pag., Gulbenes nov.#
#100014803#;#105#;#Raunas pag.#;#100016735#;#113#;#Y#;#252#;#EKS#;#Raunas pagasts#;#1999.03.16#;#30.06.2021 08:32:10#;##;#0049490#;#Raunas pag., Smiltenes nov.#
#100012125#;#105#;#Raņķu pag.#;#100016696#;#113#;#Y#;#252#;#EKS#;#Raņķu pagasts#;#1999.03.16#;#30.06.2021 09:09:56#;##;#0033500#;#Raņķu pag., Kuldīgas nov.#
#100013110#;#105#;#Rembates pag.#;#100016688#;#113#;#Y#;#252#;#EKS#;#Rembates pagasts#;#1999.03.16#;#30.06.2021 08:17:04#;##;#0040510#;#Rembates pag., Ogres nov.#
#100013834#;#105#;#Remtes pag.#;#100016663#;#113#;#Y#;#252#;#EKS#;#Remtes pagasts#;#1999.03.16#;#30.06.2021 09:11:26#;##;#0046510#;#Remtes pag., Saldus nov.#
#100014596#;#105#;#Rencēnu pag.#;#100016647#;#113#;#Y#;#252#;#EKS#;#Rencēnu pagasts#;#1999.03.16#;#30.06.2021 07:34:21#;##;#0054570#;#Rencēnu pag., Valmieras nov.#
#100012133#;#105#;#Rendas pag.#;#100016696#;#113#;#Y#;#252#;#EKS#;#Rendas pagasts#;#1999.03.16#;#30.06.2021 09:09:56#;##;#0033510#;#Rendas pag., Kuldīgas nov.#
#100013192#;#105#;#Riebiņu pag.#;#100016727#;#113#;#Y#;#252#;#EKS#;#Riebiņu pagasts#;#1999.03.16#;#30.06.2021 07:51:40#;##;#0042450#;#Riebiņu pag., Preiļu nov.#
#100013481#;#105#;#Rikavas pag.#;#100016542#;#113#;#Y#;#252#;#EKS#;#Rikavas pagasts#;#1999.03.16#;#30.06.2021 07:59:21#;##;#0043600#;#Rikavas pag., Rēzeknes nov.#
#100011742#;#105#;#Rites pag.#;#100016421#;#113#;#Y#;#252#;#EKS#;#Rites pagasts#;#1999.03.16#;#30.06.2021 05:31:31#;##;#0031530#;#Rites pag., Jēkabpils nov.#
#100011951#;#105#;#Robežnieku pag.#;#100016743#;#113#;#Y#;#252#;#EKS#;#Robežnieku pagasts#;#1999.03.16#;#30.06.2021 08:07:09#;##;#0032580#;#Robežnieku pag., Krāslavas nov.#
#100014040#;#105#;#Rojas pag.#;#100015598#;#113#;#Y#;#252#;#DEL#;#Rojas pagasts#;#1999.03.16#;#29.12.2010 17:29:31#;#2011.01.03#;#0888382#;#Rojas pag., Rojas nov.#
#100016405#;#105#;#Rojas pag.#;#100016390#;#113#;#Y#;#252#;#EKS#;#Rojas pagasts#;#2021.07.01#;#30.06.2021 06:27:24#;##;#0051530#;#Rojas pag., Talsu nov.#
#100015050#;#105#;#Ropažu pag.#;#100015444#;#113#;#Y#;#252#;#DEL#;#Ropažu pagasts#;#1999.03.16#;#30.06.2009 11:30:06#;#2004.11.24#;#0808400#;#Ropažu pag., Ropažu nov.#
#100016807#;#105#;#Ropažu pag.#;#100016784#;#113#;#Y#;#252#;#EKS#;#Ropažu pagasts#;#2021.07.01#;#30.06.2021 09:12:53#;##;#0044410#;#Ropažu pag., Ropažu nov.#
#100013207#;#105#;#Rožkalnu pag.#;#100016727#;#113#;#Y#;#252#;#EKS#;#Rožkalnu pagasts#;#1999.03.16#;#30.06.2021 07:52:16#;##;#0042460#;#Rožkalnu pag., Preiļu nov.#
#100013215#;#105#;#Rožupes pag.#;#100015243#;#113#;#Y#;#252#;#EKS#;#Rožupes pagasts#;#1999.03.16#;#30.06.2021 06:18:51#;##;#0036410#;#Rožupes pag., Līvānu nov.#
#100013842#;#105#;#Rubas pag.#;#100016663#;#113#;#Y#;#252#;#EKS#;#Rubas pagasts#;#1999.03.16#;#30.06.2021 09:11:26#;##;#0046520#;#Rubas pag., Saldus nov.#
#100011750#;#105#;#Rubenes pag.#;#100016421#;#113#;#Y#;#252#;#EKS#;#Rubenes pagasts#;#1999.03.16#;#30.06.2021 05:32:00#;##;#0031540#;#Rubenes pag., Jēkabpils nov.#
#100012350#;#105#;#Rucavas pag.#;#100016495#;#113#;#Y#;#252#;#EKS#;#Rucavas pagasts#;#1999.03.16#;#30.06.2021 09:12:17#;##;#0027590#;#Rucavas pag., Dienvidkurzemes nov.#
#100012141#;#105#;#Rudbāržu pag.#;#100016696#;#113#;#Y#;#252#;#EKS#;#Rudbāržu pagasts#;#1999.03.16#;#30.06.2021 09:09:56#;##;#0033520#;#Rudbāržu pag., Kuldīgas nov.#
#100015018#;#105#;#Rudzātu pag.#;#100015243#;#113#;#Y#;#252#;#EKS#;#Rudzātu pagasts#;#1999.03.16#;#30.06.2021 06:20:02#;##;#0036420#;#Rudzātu pag., Līvānu nov.#
#100010468#;#105#;#Rugāju pag.#;#100016438#;#113#;#Y#;#252#;#EKS#;#Rugāju pagasts#;#1999.03.16#;#30.06.2021 06:20:11#;##;#0024510#;#Rugāju pag., Balvu nov.#
#100012158#;#105#;#Rumbas pag.#;#100016696#;#113#;#Y#;#252#;#EKS#;#Rumbas pagasts#;#1999.03.16#;#30.06.2021 09:09:56#;##;#0033530#;#Rumbas pag., Kuldīgas nov.#
#100010636#;#105#;#Rundāles pag.#;#100016575#;#113#;#Y#;#252#;#EKS#;#Rundāles pagasts#;#1999.03.16#;#30.06.2021 07:20:29#;##;#0025500#;#Rundāles pag., Bauskas nov.#
#100012752#;#105#;#Rundēnu pag.#;#100016751#;#113#;#Y#;#252#;#EKS#;#Rundēnu pagasts#;#1999.03.16#;#30.06.2021 08:50:08#;##;#0037580#;#Rundēnu pag., Ludzas nov.#
#100013223#;#105#;#Rušonas pag.#;#100016727#;#113#;#Y#;#252#;#EKS#;#Rušonas pagasts#;#1999.03.16#;#30.06.2021 07:52:41#;##;#0042470#;#Rušonas pag., Preiļu nov.#
#100014957#;#105#;#Sakas pag.#;#100016495#;#113#;#Y#;#252#;#EKS#;#Sakas pagasts#;#1999.03.16#;#30.06.2021 09:12:17#;##;#0027600#;#Sakas pag., Dienvidkurzemes nov.#
#100013498#;#105#;#Sakstagala pag.#;#100016542#;#113#;#Y#;#252#;#EKS#;#Sakstagala pagasts#;#1999.03.16#;#30.06.2021 07:59:21#;##;#0043610#;#Sakstagala pag., Rēzeknes nov.#
#100012527#;#105#;#Salacas pag.#;#100001137#;#102#;#Y#;#252#;#DEL#;#Salacas pagasts#;#1999.03.16#;#16.07.2007 10:56:14#;#1999.08.15#;#6672#;#Salacas pag., Limbažu raj.#
#100012430#;#105#;#Salacgrīvas pag.#;#100016606#;#113#;#Y#;#252#;#EKS#;#Salacgrīvas pagasts#;#1999.03.16#;#30.06.2021 07:18:30#;##;#0035480#;#Salacgrīvas pag., Limbažu nov.#
#100014877#;#105#;#Salas pag.#;#100016421#;#113#;#Y#;#252#;#EKS#;#Salas pagasts#;#1999.03.16#;#30.06.2021 05:32:32#;##;#0031550#;#Salas pag., Jēkabpils nov.#
#100013705#;#105#;#Salas pag.#;#100016583#;#113#;#Y#;#252#;#EKS#;#Salas pagasts#;#1999.03.16#;#30.06.2021 06:40:46#;##;#0039420#;#Salas pag., Mārupes nov.#
#100013578#;#105#;#Salaspils pag.#;#100015485#;#113#;#Y#;#252#;#EKS#;#Salaspils pagasts#;#1993.12.09#;#30.06.2021 05:49:21#;##;#0045400#;#Salaspils pag., Salaspils nov.#
#100013850#;#105#;#Saldus pag.#;#100016663#;#113#;#Y#;#252#;#EKS#;#Saldus pagasts#;#1999.03.16#;#30.06.2021 09:11:27#;##;#0046530#;#Saldus pag., Saldus nov.#
#100011541#;#105#;#Salgales pag.#;#100016534#;#113#;#Y#;#252#;#EKS#;#Salgales pagasts#;#1999.03.16#;#30.06.2021 07:17:57#;##;#0030490#;#Salgales pag., Jelgavas nov.#
#100011084#;#105#;#Salienas pag.#;#100016462#;#113#;#Y#;#252#;#EKS#;#Salienas pagasts#;#1999.03.16#;#30.06.2021 06:13:27#;##;#0022570#;#Salienas pag., Augšdaugavas nov.#
#100012760#;#105#;#Salnavas pag.#;#100016751#;#113#;#Y#;#252#;#EKS#;#Salnavas pagasts#;#1999.03.16#;#30.06.2021 08:50:08#;##;#0037590#;#Salnavas pag., Ludzas nov.#
#100012945#;#105#;#Sarkaņu pag.#;#100016671#;#113#;#Y#;#252#;#EKS#;#Sarkaņu pagasts#;#1999.03.16#;#30.06.2021 08:00:33#;##;#0038560#;#Sarkaņu pag., Madonas nov.#
#100011767#;#105#;#Saukas pag.#;#100016421#;#113#;#Y#;#252#;#EKS#;#Saukas pagasts#;#1999.03.16#;#30.06.2021 05:33:01#;##;#0031560#;#Saukas pag., Jēkabpils nov.#
#100013586#;#105#;#Saulkrastu pag.#;#100016550#;#113#;#Y#;#252#;#EKS#;#Saulkrastu pagasts#;#1999.03.16#;#30.06.2021 06:18:15#;##;#0047400#;#Saulkrastu pag., Saulkrastu nov.#
#100013231#;#105#;#Saunas pag.#;#100016727#;#113#;#Y#;#252#;#EKS#;#Saunas pagasts#;#1999.03.16#;#30.06.2021 07:55:44#;##;#0042480#;#Saunas pag., Preiļu nov.#
#100012953#;#105#;#Sausnējas pag.#;#100016671#;#113#;#Y#;#252#;#EKS#;#Sausnējas pagasts#;#1999.03.16#;#30.06.2021 08:00:33#;##;#0038570#;#Sausnējas pag., Madonas nov.#
#100010121#;#105#;#Seces pag.#;#100016630#;#113#;#Y#;#252#;#EKS#;#Seces pagasts#;#1999.03.16#;#30.06.2021 07:28:18#;##;#0020510#;#Seces pag., Aizkraukles nov.#
#100014274#;#105#;#Sedas l. t.#;#100016245#;#113#;#Y#;#252#;#DEL#;#Sedas lauku teritorija#;#1999.03.16#;#12.02.2010 12:33:41#;#2010.02.15#;#0941833#;#Sedas l. t., Strenču nov.#
#100011533#;#105#;#Sesavas pag.#;#100016534#;#113#;#Y#;#252#;#EKS#;#Sesavas pagasts#;#1999.03.16#;#30.06.2021 07:18:59#;##;#0030500#;#Sesavas pag., Jelgavas nov.#
#100013721#;#105#;#Siguldas pag.#;#100016768#;#113#;#Y#;#252#;#EKS#;#Siguldas pagasts#;#1999.03.16#;#30.06.2021 08:53:58#;##;#0048460#;#Siguldas pag., Siguldas nov.#
#100013248#;#105#;#Silajāņu pag.#;#100016727#;#113#;#Y#;#252#;#EKS#;#Silajāņu pagasts#;#1999.03.16#;#30.06.2021 07:56:16#;##;#0042490#;#Silajāņu pag., Preiļu nov.#
#100013504#;#105#;#Silmalas pag.#;#100016542#;#113#;#Y#;#252#;#EKS#;#Silmalas pagasts#;#1999.03.16#;#30.06.2021 07:59:22#;##;#0043620#;#Silmalas pag., Rēzeknes nov.#
#100011968#;#105#;#Skaistas pag.#;#100016743#;#113#;#Y#;#252#;#EKS#;#Skaistas pagasts#;#1999.03.16#;#30.06.2021 08:07:32#;##;#0032590#;#Skaistas pag., Krāslavas nov.#
#100010644#;#105#;#Skaistkalnes pag.#;#100016575#;#113#;#Y#;#252#;#EKS#;#Skaistkalnes pagasts#;#1999.03.16#;#30.06.2021 07:20:54#;##;#0025510#;#Skaistkalnes pag., Bauskas nov.#
#100014610#;#105#;#Skaņkalnes pag.#;#100016647#;#113#;#Y#;#252#;#EKS#;#Skaņkalnes pagasts#;#1999.03.16#;#30.06.2021 07:36:06#;##;#0054590#;#Skaņkalnes pag., Valmieras nov.#
#100011092#;#105#;#Skrudalienas pag.#;#100016462#;#113#;#Y#;#252#;#EKS#;#Skrudalienas pagasts#;#1999.03.16#;#30.06.2021 06:14:05#;##;#0022580#;#Skrudalienas pag., Augšdaugavas nov.#
#100012012#;#105#;#Skrundas pag.#;#100016696#;#113#;#Y#;#252#;#EKS#;#Skrundas pagasts#;#1996.01.31#;#30.06.2021 09:09:57#;##;#0033540#;#Skrundas pag., Kuldīgas nov.#
#100010146#;#105#;#Skrīveru pag.#;#100016212#;#113#;#Y#;#252#;#DEL#;#Skrīveru pagasts#;#1999.03.16#;#14.06.2012 15:01:20#;#2009.07.01#;#0328200#;#Skrīveru pag., Skrīveru nov.#
#100016655#;#105#;#Skrīveru pag.#;#100016630#;#113#;#Y#;#252#;#EKS#;#Skrīveru pagasts#;#2021.07.01#;#30.06.2021 06:48:11#;##;#0020530#;#Skrīveru pag., Aizkraukles nov.#
#100010837#;#105#;#Skujenes pag.#;#100016487#;#113#;#Y#;#252#;#EKS#;#Skujenes pagasts#;#1999.03.16#;#30.06.2021 06:54:01#;##;#0026520#;#Skujenes pag., Cēsu nov.#
#100012535#;#105#;#Skultes pag.#;#100016606#;#113#;#Y#;#252#;#EKS#;#Skultes pagasts#;#1999.03.16#;#30.06.2021 07:19:29#;##;#0035490#;#Skultes pag., Limbažu nov.#
#100014217#;#105#;#Slampes pag.#;#100016710#;#113#;#Y#;#252#;#EKS#;#Slampes pagasts#;#1999.03.16#;#30.06.2021 08:01:57#;##;#0052530#;#Slampes pag., Tukuma nov.#
#100014395#;#105#;#Smiltenes pag.#;#100016735#;#113#;#Y#;#252#;#EKS#;#Smiltenes pagasts#;#1999.03.16#;#30.06.2021 08:32:44#;##;#0049500#;#Smiltenes pag., Smiltenes nov.#
#100014225#;#105#;#Smārdes pag.#;#100016710#;#113#;#Y#;#252#;#EKS#;#Smārdes pagasts#;#1999.03.16#;#30.06.2021 08:01:57#;##;#0052540#;#Smārdes pag., Tukuma nov.#
#100012166#;#105#;#Snēpeles pag.#;#100016696#;#113#;#Y#;#252#;#EKS#;#Snēpeles pagasts#;#1999.03.16#;#30.06.2021 09:09:57#;##;#0033550#;#Snēpeles pag., Kuldīgas nov.#
#100013512#;#105#;#Sokolku pag.#;#100016542#;#113#;#Y#;#252#;#EKS#;#Sokolku pagasts#;#1999.03.16#;#30.06.2021 07:59:22#;##;#0043630#;#Sokolku pag., Rēzeknes nov.#
#100015026#;#105#;#Stabulnieku pag.#;#100016727#;#113#;#Y#;#252#;#EKS#;#Stabulnieku pagasts#;#1999.03.16#;#30.06.2021 09:37:44#;##;#0042510#;#Stabulnieku pag., Preiļu nov.#
#100010154#;#105#;#Staburaga pag.#;#100016630#;#113#;#Y#;#252#;#EKS#;#Staburaga pagasts#;#1999.03.16#;#30.06.2021 07:29:22#;##;#0020540#;#Staburaga pag., Aizkraukles nov.#
#100012447#;#105#;#Staiceles pag.#;#100016606#;#113#;#Y#;#252#;#EKS#;#Staiceles pagasts#;#1992.01.30#;#30.06.2021 07:20:22#;##;#0035500#;#Staiceles pag., Limbažu nov.#
#100010845#;#105#;#Stalbes pag.#;#100016487#;#113#;#Y#;#252#;#EKS#;#Stalbes pagasts#;#1999.03.16#;#30.06.2021 06:54:47#;##;#0026530#;#Stalbes pag., Cēsu nov.#
#100010652#;#105#;#Stelpes pag.#;#100016575#;#113#;#Y#;#252#;#EKS#;#Stelpes pagasts#;#1999.03.16#;#30.06.2021 07:21:25#;##;#0025520#;#Stelpes pag., Bauskas nov.#
#100015067#;#105#;#Stopiņu pag.#;#100015460#;#113#;#Y#;#252#;#DEL#;#Stopiņu pagasts#;#1999.03.16#;#30.06.2009 11:22:50#;#2005.01.01#;#0809600#;#Stopiņu pag., Stopiņu nov.#
#100016815#;#105#;#Stopiņu pag.#;#100016784#;#113#;#Y#;#252#;#EKS#;#Stopiņu pagasts#;#2021.07.01#;#30.06.2021 09:13:03#;##;#0044420#;#Stopiņu pag., Ropažu nov.#
#100013520#;#105#;#Stoļerovas pag.#;#100016542#;#113#;#Y#;#252#;#EKS#;#Stoļerovas pagasts#;#1999.03.16#;#30.06.2021 07:59:22#;##;#0043640#;#Stoļerovas pag., Rēzeknes nov.#
#100011420#;#105#;#Stradu pag.#;#100015854#;#113#;#Y#;#252#;#EKS#;#Stradu pagasts#;#1999.03.16#;#30.06.2021 05:13:29#;##;#0029510#;#Stradu pag., Gulbenes nov.#
#100010853#;#105#;#Straupes pag.#;#100016487#;#113#;#Y#;#252#;#EKS#;#Straupes pagasts#;#1999.03.16#;#30.06.2021 06:55:28#;##;#0026540#;#Straupes pag., Cēsu nov.#
#100014057#;#105#;#Strazdes pag.#;#100016390#;#113#;#Y#;#252#;#EKS#;#Strazdes pagasts#;#1999.03.16#;#30.06.2021 05:04:23#;##;#0051540#;#Strazdes pag., Talsu nov.#
#100013537#;#105#;#Stružānu pag.#;#100016542#;#113#;#Y#;#252#;#EKS#;#Stružānu pagasts#;#1999.03.16#;#30.06.2021 07:59:22#;##;#0043650#;#Stružānu pag., Rēzeknes nov.#
#100011412#;#105#;#Stāmerienas pag.#;#100015854#;#113#;#Y#;#252#;#EKS#;#Stāmerienas pagasts#;#1999.03.16#;#30.06.2021 05:12:33#;##;#0029500#;#Stāmerienas pag., Gulbenes nov.#
#100013127#;#105#;#Suntažu pag.#;#100016688#;#113#;#Y#;#252#;#EKS#;#Suntažu pagasts#;#1999.03.16#;#30.06.2021 08:17:41#;##;#0040520#;#Suntažu pag., Ogres nov.#
#100010162#;#105#;#Sunākstes pag.#;#100016630#;#113#;#Y#;#252#;#EKS#;#Sunākstes pagasts#;#1999.03.16#;#30.06.2021 07:29:50#;##;#0020550#;#Sunākstes pag., Aizkraukles nov.#
#100010476#;#105#;#Susāju pag.#;#100016438#;#113#;#Y#;#252#;#EKS#;#Susāju pagasts#;#1999.03.16#;#30.06.2021 06:21:18#;##;#0024520#;#Susāju pag., Balvu nov.#
#100013264#;#105#;#Sutru pag.#;#100015243#;#113#;#Y#;#252#;#EKS#;#Sutru pagasts#;#1999.03.16#;#30.06.2021 06:20:55#;##;#0036430#;#Sutru pag., Līvānu nov.#
#100011976#;#105#;#Svariņu pag.#;#100016743#;#113#;#Y#;#252#;#EKS#;#Svariņu pagasts#;#1999.03.16#;#30.06.2021 08:08:19#;##;#0032600#;#Svariņu pag., Krāslavas nov.#
#100011107#;#105#;#Sventes pag.#;#100016462#;#113#;#Y#;#252#;#EKS#;#Sventes pagasts#;#1999.03.16#;#30.06.2021 06:15:01#;##;#0022590#;#Sventes pag., Augšdaugavas nov.#
#100010660#;#105#;#Svitenes pag.#;#100016575#;#113#;#Y#;#252#;#EKS#;#Svitenes pagasts#;#1999.03.16#;#30.06.2021 07:21:54#;##;#0025530#;#Svitenes pag., Bauskas nov.#
#100011558#;#105#;#Svētes pag.#;#100016534#;#113#;#Y#;#252#;#EKS#;#Svētes pagasts#;#1999.03.16#;#30.06.2021 07:19:59#;##;#0030510#;#Svētes pag., Jelgavas nov.#
#100013713#;#105#;#Sējas pag.#;#100001194#;#102#;#Y#;#252#;#DEL#;#Sējas pagasts#;#1999.03.16#;#07.09.2020 00:00:00#;#2006.09.16#;#0809200#;#Sējas pag., Rīgas raj.#
#100016567#;#105#;#Sējas pag.#;#100016550#;#113#;#Y#;#252#;#EKS#;#Sējas pagasts#;#2021.07.01#;#30.06.2021 06:07:38#;##;#0047410#;#Sējas pag., Saulkrastu nov.#
#100011775#;#105#;#Sēlpils pag.#;#100016421#;#113#;#Y#;#252#;#EKS#;#Sēlpils pagasts#;#1999.03.16#;#30.06.2021 05:33:26#;##;#0031570#;#Sēlpils pag., Jēkabpils nov.#
#100014200#;#105#;#Sēmes pag.#;#100016710#;#113#;#Y#;#252#;#EKS#;#Sēmes pagasts#;#1999.03.16#;#30.06.2021 08:01:56#;##;#0052520#;#Sēmes pag., Tukuma nov.#
#100010138#;#105#;#Sērenes pag.#;#100016630#;#113#;#Y#;#252#;#EKS#;#Sērenes pagasts#;#1999.03.16#;#30.06.2021 07:28:42#;##;#0020520#;#Sērenes pag., Aizkraukles nov.#
#100014602#;#105#;#Sēļu pag.#;#100016647#;#113#;#Y#;#252#;#EKS#;#Sēļu pagasts#;#1999.03.16#;#30.06.2021 07:35:28#;##;#0054580#;#Sēļu pag., Valmieras nov.#
#100013256#;#105#;#Sīļukalna pag.#;#100016727#;#113#;#Y#;#252#;#EKS#;#Sīļukalna pagasts#;#1999.03.16#;#30.06.2021 07:56:44#;##;#0042500#;#Sīļukalna pag., Preiļu nov.#
#100011123#;#105#;#Tabores pag.#;#100016462#;#113#;#Y#;#252#;#EKS#;#Tabores pagasts#;#1999.03.16#;#30.06.2021 06:16:13#;##;#0022610#;#Tabores pag., Augšdaugavas nov.#
#100012367#;#105#;#Tadaiķu pag.#;#100016495#;#113#;#Y#;#252#;#EKS#;#Tadaiķu pagasts#;#1999.03.16#;#30.06.2021 09:12:18#;##;#0027610#;#Tadaiķu pag., Dienvidkurzemes nov.#
#100014811#;#105#;#Taurenes pag.#;#100016487#;#113#;#Y#;#252#;#EKS#;#Taurenes pagasts#;#1999.03.16#;#30.06.2021 06:56:14#;##;#0026550#;#Taurenes pag., Cēsu nov.#
#100013135#;#105#;#Taurupes pag.#;#100016688#;#113#;#Y#;#252#;#EKS#;#Taurupes pagasts#;#1999.03.16#;#30.06.2021 08:18:22#;##;#0040530#;#Taurupes pag., Ogres nov.#
#100010492#;#105#;#Tilžas pag.#;#100016438#;#113#;#Y#;#252#;#EKS#;#Tilžas pagasts#;#1999.03.16#;#30.06.2021 06:26:49#;##;#0024540#;#Tilžas pag., Balvu nov.#
#100011437#;#105#;#Tirzas pag.#;#100015854#;#113#;#Y#;#252#;#EKS#;#Tirzas pagasts#;#1999.03.16#;#30.06.2021 05:14:33#;##;#0029520#;#Tirzas pag., Gulbenes nov.#
#100012994#;#105#;#Tomes pag.#;#100016688#;#113#;#Y#;#252#;#EKS#;#Tomes pagasts#;#1994.03.10#;#30.06.2021 08:20:02#;##;#0040550#;#Tomes pag., Ogres nov.#
#100010330#;#105#;#Trapenes pag.#;#100016735#;#113#;#Y#;#252#;#EKS#;#Trapenes pagasts#;#1999.03.16#;#30.06.2021 08:33:14#;##;#0049510#;#Trapenes pag., Smiltenes nov.#
#100014401#;#105#;#Trikātas pag.#;#100016647#;#113#;#Y#;#252#;#EKS#;#Trikātas pagasts#;#1999.03.16#;#30.06.2021 07:36:58#;##;#0054600#;#Trikātas pag., Valmieras nov.#
#100015106#;#105#;#Tumes pag.#;#100016710#;#113#;#Y#;#252#;#EKS#;#Tumes pagasts#;#1999.03.16#;#30.06.2021 08:01:57#;##;#0052550#;#Tumes pag., Tukuma nov.#
#100013272#;#105#;#Turku pag.#;#100015243#;#113#;#Y#;#252#;#EKS#;#Turku pagasts#;#1999.03.16#;#30.06.2021 06:22:12#;##;#0036440#;#Turku pag., Līvānu nov.#
#100012174#;#105#;#Turlavas pag.#;#100016696#;#113#;#Y#;#252#;#EKS#;#Turlavas pagasts#;#1999.03.16#;#30.06.2021 09:09:57#;##;#0033560#;#Turlavas pag., Kuldīgas nov.#
#100014707#;#105#;#Tārgales pag.#;#100016333#;#113#;#Y#;#252#;#EKS#;#Tārgales pagasts#;#1999.03.16#;#30.06.2021 07:49:47#;##;#0056450#;#Tārgales pag., Ventspils nov.#
#100011308#;#105#;#Tērvetes pag.#;#100016622#;#113#;#Y#;#252#;#EKS#;#Tērvetes pagasts#;#1999.03.16#;#30.06.2021 08:00:36#;##;#0028540#;#Tērvetes pag., Dobeles nov.#
#100012986#;#105#;#Tīnūžu pag.#;#100016688#;#113#;#Y#;#252#;#EKS#;#Tīnūžu pagasts#;#1997.07.12#;#22.12.2021 17:23:33#;##;#0040540#;#Tīnūžu pag., Ogres nov.#
#100015147#;#105#;#Ugāles pag.#;#100016333#;#113#;#Y#;#252#;#EKS#;#Ugāles pagasts#;#1999.03.16#;#30.06.2021 07:51:23#;##;#0056460#;#Ugāles pag., Ventspils nov.#
#100011316#;#105#;#Ukru pag.#;#100016622#;#113#;#Y#;#252#;#EKS#;#Ukru pagasts#;#1999.03.16#;#30.06.2021 08:01:11#;##;#0028550#;#Ukru pag., Dobeles nov.#
#100012543#;#105#;#Umurgas pag.#;#100016606#;#113#;#Y#;#252#;#EKS#;#Umurgas pagasts#;#1999.03.16#;#30.06.2021 07:21:00#;##;#0035510#;#Umurgas pag., Limbažu nov.#
#100013280#;#105#;#Upmalas pag.#;#100016727#;#113#;#Y#;#252#;#EKS#;#Upmalas pagasts#;#1999.03.16#;#30.06.2021 07:57:12#;##;#0042520#;#Upmalas pag., Preiļu nov.#
#100014715#;#105#;#Usmas pag.#;#100016333#;#113#;#Y#;#252#;#EKS#;#Usmas pagasts#;#1999.03.16#;#30.06.2021 07:52:29#;##;#0056470#;#Usmas pag., Ventspils nov.#
#100014723#;#105#;#Užavas pag.#;#100016333#;#113#;#Y#;#252#;#EKS#;#Užavas pagasts#;#1999.03.16#;#30.06.2021 07:53:23#;##;#0056480#;#Užavas pag., Ventspils nov.#
#100011131#;#105#;#Vaboles pag.#;#100016462#;#113#;#Y#;#252#;#EKS#;#Vaboles pagasts#;#1999.03.16#;#30.06.2021 06:16:40#;##;#0022620#;#Vaboles pag., Augšdaugavas nov.#
#100013875#;#105#;#Vadakstes pag.#;#100016663#;#113#;#Y#;#252#;#EKS#;#Vadakstes pagasts#;#1999.03.16#;#30.06.2021 09:11:27#;##;#0046550#;#Vadakstes pag., Saldus nov.#
#100014627#;#105#;#Vaidavas pag.#;#100016647#;#113#;#Y#;#252#;#EKS#;#Vaidavas pagasts#;#1999.03.16#;#30.06.2021 07:37:53#;##;#0054610#;#Vaidavas pag., Valmieras nov.#
#100010861#;#105#;#Vaives pag.#;#100016487#;#113#;#Y#;#252#;#EKS#;#Vaives pagasts#;#1999.03.16#;#30.06.2021 06:57:06#;##;#0026560#;#Vaives pag., Cēsu nov.#
#100012375#;#105#;#Vaiņodes pag.#;#100016495#;#113#;#Y#;#252#;#EKS#;#Vaiņodes pagasts#;#1999.03.16#;#30.06.2021 09:12:18#;##;#0027620#;#Vaiņodes pag., Dienvidkurzemes nov.#
#100014065#;#105#;#Valdgales pag.#;#100016390#;#113#;#Y#;#252#;#EKS#;#Valdgales pagasts#;#1999.03.16#;#30.06.2021 05:05:46#;##;#0051550#;#Valdgales pag., Talsu nov.#
#100011566#;#105#;#Valgundes pag.#;#100016534#;#113#;#Y#;#252#;#EKS#;#Valgundes pagasts#;#1999.03.16#;#30.06.2021 07:20:55#;##;#0030520#;#Valgundes pag., Jelgavas nov.#
#100014418#;#105#;#Valkas pag.#;#100016286#;#113#;#Y#;#252#;#EKS#;#Valkas pagasts#;#1999.03.16#;#30.06.2021 05:25:08#;##;#0053420#;#Valkas pag., Valkas nov.#
#100010170#;#105#;#Valles pag.#;#100016575#;#113#;#Y#;#252#;#EKS#;#Valles pagasts#;#1999.03.16#;#30.06.2021 07:22:20#;##;#0025540#;#Valles pag., Bauskas nov.#
#100014635#;#105#;#Valmieras pag.#;#100016647#;#113#;#Y#;#252#;#EKS#;#Valmieras pagasts#;#1999.03.16#;#30.06.2021 07:38:44#;##;#0054620#;#Valmieras pag., Valmieras nov.#
#100014073#;#105#;#Vandzenes pag.#;#100016390#;#113#;#Y#;#252#;#EKS#;#Vandzenes pagasts#;#1999.03.16#;#30.06.2021 05:06:16#;##;#0051560#;#Vandzenes pag., Talsu nov.#
#100012961#;#105#;#Varakļānu pag.#;#100016300#;#113#;#Y#;#252#;#EKS#;#Varakļānu pagasts#;#1999.03.16#;#30.06.2021 06:06:13#;##;#0055410#;#Varakļānu pag., Varakļānu nov.#
#100011783#;#105#;#Variešu pag.#;#100016421#;#113#;#Y#;#252#;#EKS#;#Variešu pagasts#;#1999.03.16#;#30.06.2021 05:33:49#;##;#0031580#;#Variešu pag., Jēkabpils nov.#
#100014426#;#105#;#Variņu pag.#;#100016735#;#113#;#Y#;#252#;#EKS#;#Variņu pagasts#;#1999.03.16#;#30.06.2021 08:33:47#;##;#0049520#;#Variņu pag., Smiltenes nov.#
#100015122#;#105#;#Vecates pag.#;#100016647#;#113#;#Y#;#252#;#EKS#;#Vecates pagasts#;#1999.03.16#;#30.06.2021 07:39:24#;##;#0054630#;#Vecates pag., Valmieras nov.#
#100011164#;#105#;#Vecauces pag.#;#100016622#;#113#;#Y#;#252#;#EKS#;#Vecauces pagasts#;#1999.03.16#;#30.06.2021 08:01:55#;##;#0028560#;#Vecauces pag., Dobeles nov.#
#100010347#;#105#;#Veclaicenes pag.#;#100015694#;#113#;#Y#;#252#;#EKS#;#Veclaicenes pagasts#;#1999.03.16#;#30.06.2021 07:21:21#;##;#0021520#;#Veclaicenes pag., Alūksnes nov.#
#100010878#;#105#;#Vecpiebalgas pag.#;#100016487#;#113#;#Y#;#252#;#EKS#;#Vecpiebalgas pagasts#;#1999.03.16#;#30.06.2021 06:57:58#;##;#0026570#;#Vecpiebalgas pag., Cēsu nov.#
#100012383#;#105#;#Vecpils pag.#;#100016495#;#113#;#Y#;#252#;#EKS#;#Vecpils pagasts#;#1999.03.16#;#30.06.2021 09:12:18#;##;#0027630#;#Vecpils pag., Dienvidkurzemes nov.#
#100011148#;#105#;#Vecsalienas pag.#;#100016462#;#113#;#Y#;#252#;#EKS#;#Vecsalienas pagasts#;#1999.03.16#;#30.06.2021 06:17:19#;##;#0022630#;#Vecsalienas pag., Augšdaugavas nov.#
#100010677#;#105#;#Vecsaules pag.#;#100016575#;#113#;#Y#;#252#;#EKS#;#Vecsaules pagasts#;#1999.03.16#;#30.06.2021 07:22:57#;##;#0025550#;#Vecsaules pag., Bauskas nov.#
#100010507#;#105#;#Vectilžas pag.#;#100016438#;#113#;#Y#;#252#;#EKS#;#Vectilžas pagasts#;#1999.03.16#;#30.06.2021 06:27:55#;##;#0024550#;#Vectilžas pag., Balvu nov.#
#100010685#;#105#;#Vecumnieku pag.#;#100016575#;#113#;#Y#;#252#;#EKS#;#Vecumnieku pagasts#;#1999.03.16#;#30.06.2021 07:23:22#;##;#0025560#;#Vecumnieku pag., Bauskas nov.#
#100010515#;#105#;#Vecumu pag.#;#100016438#;#113#;#Y#;#252#;#EKS#;#Vecumu pagasts#;#1999.03.16#;#30.06.2021 06:28:44#;##;#0024560#;#Vecumu pag., Balvu nov.#
#100010886#;#105#;#Veselavas pag.#;#100016487#;#113#;#Y#;#252#;#EKS#;#Veselavas pagasts#;#1999.03.16#;#30.06.2021 06:58:39#;##;#0026580#;#Veselavas pag., Cēsu nov.#
#100012978#;#105#;#Vestienas pag.#;#100016671#;#113#;#Y#;#252#;#EKS#;#Vestienas pagasts#;#1999.03.16#;#30.06.2021 08:00:33#;##;#0038580#;#Vestienas pag., Madonas nov.#
#100012551#;#105#;#Vidrižu pag.#;#100016606#;#113#;#Y#;#252#;#EKS#;#Vidrižu pagasts#;#1999.03.16#;#30.06.2021 07:21:32#;##;#0035520#;#Vidrižu pag., Limbažu nov.#
#100014241#;#105#;#Viesatu pag.#;#100016710#;#113#;#Y#;#252#;#EKS#;#Viesatu pagasts#;#1999.03.16#;#30.06.2021 08:01:57#;##;#0052570#;#Viesatu pag., Tukuma nov.#
#100010693#;#105#;#Viesturu pag.#;#100016575#;#113#;#Y#;#252#;#EKS#;#Viesturu pagasts#;#1999.03.16#;#30.06.2021 07:23:50#;##;#0025570#;#Viesturu pag., Bauskas nov.#
#100011613#;#105#;#Viesītes pag.#;#100016421#;#113#;#Y#;#252#;#EKS#;#Viesītes pagasts#;#1999.03.16#;#30.06.2021 05:34:14#;##;#0031590#;#Viesītes pag., Jēkabpils nov.#
#100010187#;#105#;#Vietalvas pag.#;#100016630#;#113#;#Y#;#252#;#EKS#;#Vietalvas pagasts#;#1999.03.16#;#30.06.2021 07:30:16#;##;#0020560#;#Vietalvas pag., Aizkraukles nov.#
#100014434#;#105#;#Vijciema pag.#;#100016286#;#113#;#Y#;#252#;#EKS#;#Vijciema pagasts#;#1999.03.16#;#30.06.2021 05:26:01#;##;#0053430#;#Vijciema pag., Valkas nov.#
#100011574#;#105#;#Vilces pag.#;#100016534#;#113#;#Y#;#252#;#EKS#;#Vilces pagasts#;#1999.03.16#;#30.06.2021 07:21:52#;##;#0030530#;#Vilces pag., Jelgavas nov.#
#100014643#;#105#;#Vilpulkas pag.#;#100016647#;#113#;#Y#;#252#;#EKS#;#Vilpulkas pagasts#;#1999.03.16#;#30.06.2021 07:40:20#;##;#0054640#;#Vilpulkas pag., Valmieras nov.#
#100014081#;#105#;#Virbu pag.#;#100016390#;#113#;#Y#;#252#;#EKS#;#Virbu pagasts#;#1999.03.16#;#30.06.2021 05:06:44#;##;#0051570#;#Virbu pag., Talsu nov.#
#100011582#;#105#;#Vircavas pag.#;#100016534#;#113#;#Y#;#252#;#EKS#;#Vircavas pagasts#;#1999.03.16#;#30.06.2021 07:22:52#;##;#0030540#;#Vircavas pag., Jelgavas nov.#
#100010355#;#105#;#Virešu pag.#;#100016735#;#113#;#Y#;#252#;#EKS#;#Virešu pagasts#;#1999.03.16#;#30.06.2021 08:34:19#;##;#0049530#;#Virešu pag., Smiltenes nov.#
#100012406#;#105#;#Virgas pag.#;#100016495#;#113#;#Y#;#252#;#EKS#;#Virgas pagasts#;#1999.03.16#;#30.06.2021 09:12:18#;##;#0027650#;#Virgas pag., Dienvidkurzemes nov.#
#100013553#;#105#;#Viļānu pag.#;#100016542#;#113#;#Y#;#252#;#EKS#;#Viļānu pagasts#;#1999.03.16#;#30.06.2021 07:59:23#;##;#0043670#;#Viļānu pag., Rēzeknes nov.#
#100012568#;#105#;#Viļķenes pag.#;#100016606#;#113#;#Y#;#252#;#EKS#;#Viļķenes pagasts#;#1999.03.16#;#30.06.2021 07:22:12#;##;#0035530#;#Viļķenes pag., Limbažu nov.#
#100011156#;#105#;#Višķu pag.#;#100016462#;#113#;#Y#;#252#;#EKS#;#Višķu pagasts#;#1999.03.16#;#30.06.2021 06:17:48#;##;#0022640#;#Višķu pag., Augšdaugavas nov.#
#100014233#;#105#;#Vānes pag.#;#100016710#;#113#;#Y#;#252#;#EKS#;#Vānes pagasts#;#1999.03.16#;#30.06.2021 08:01:57#;##;#0052560#;#Vānes pag., Tukuma nov.#
#100013297#;#105#;#Vārkavas pag.#;#100016727#;#113#;#Y#;#252#;#EKS#;#Vārkavas pagasts#;#1999.03.16#;#30.06.2021 08:03:39#;##;#0042530#;#Vārkavas pag., Preiļu nov.#
#100012182#;#105#;#Vārmes pag.#;#100016696#;#113#;#Y#;#252#;#EKS#;#Vārmes pagasts#;#1999.03.16#;#30.06.2021 09:09:57#;##;#0033570#;#Vārmes pag., Kuldīgas nov.#
#100014731#;#105#;#Vārves pag.#;#100016333#;#113#;#Y#;#252#;#EKS#;#Vārves pagasts#;#1999.03.16#;#30.06.2021 07:54:38#;##;#0056490#;#Vārves pag., Ventspils nov.#
#100012391#;#105#;#Vērgales pag.#;#100016495#;#113#;#Y#;#252#;#EKS#;#Vērgales pagasts#;#1999.03.16#;#30.06.2021 09:12:18#;##;#0027640#;#Vērgales pag., Dienvidkurzemes nov.#
#100013545#;#105#;#Vērēmu pag.#;#100016542#;#113#;#Y#;#252#;#EKS#;#Vērēmu pagasts#;#1999.03.16#;#30.06.2021 07:59:22#;##;#0043660#;#Vērēmu pag., Rēzeknes nov.#
#100010523#;#105#;#Vīksnas pag.#;#100016438#;#113#;#Y#;#252#;#EKS#;#Vīksnas pagasts#;#1999.03.16#;#30.06.2021 06:29:51#;##;#0024570#;#Vīksnas pag., Balvu nov.#
#100014885#;#105#;#Vīpes pag.#;#100016421#;#113#;#Y#;#252#;#EKS#;#Vīpes pagasts#;#1999.03.16#;#30.06.2021 05:34:48#;##;#0031600#;#Vīpes pag., Jēkabpils nov.#
#100014844#;#105#;#Vītiņu pag.#;#100016622#;#113#;#Y#;#252#;#EKS#;#Vītiņu pagasts#;#1999.03.16#;#30.06.2021 08:02:36#;##;#0028570#;#Vītiņu pag., Dobeles nov.#
#100010195#;#105#;#Zalves pag.#;#100016630#;#113#;#Y#;#252#;#EKS#;#Zalves pagasts#;#1999.03.16#;#30.06.2021 07:30:40#;##;#0020570#;#Zalves pag., Aizkraukles nov.#
#100014258#;#105#;#Zantes pag.#;#100016710#;#113#;#Y#;#252#;#EKS#;#Zantes pagasts#;#1999.03.16#;#30.06.2021 08:01:58#;##;#0052580#;#Zantes pag., Tukuma nov.#
#100011791#;#105#;#Zasas pag.#;#100016421#;#113#;#Y#;#252#;#EKS#;#Zasas pagasts#;#1999.03.16#;#30.06.2021 05:35:15#;##;#0031610#;#Zasas pag., Jēkabpils nov.#
#100010894#;#105#;#Zaubes pag.#;#100016487#;#113#;#Y#;#252#;#EKS#;#Zaubes pagasts#;#1999.03.16#;#30.06.2021 06:59:23#;##;#0026590#;#Zaubes pag., Cēsu nov.#
#100011590#;#105#;#Zaļenieku pag.#;#100016534#;#113#;#Y#;#252#;#EKS#;#Zaļenieku pagasts#;#1999.03.16#;#30.06.2021 07:23:56#;##;#0030550#;#Zaļenieku pag., Jelgavas nov.#
#100012777#;#105#;#Zaļesjes pag.#;#100016751#;#113#;#Y#;#252#;#EKS#;#Zaļesjes pagasts#;#1999.03.16#;#30.06.2021 08:50:08#;##;#0037600#;#Zaļesjes pag., Ludzas nov.#
#100013883#;#105#;#Zaņas pag.#;#100016663#;#113#;#Y#;#252#;#EKS#;#Zaņas pagasts#;#1999.03.16#;#30.06.2021 09:11:27#;##;#0046560#;#Zaņas pag., Saldus nov.#
#100011324#;#105#;#Zebrenes pag.#;#100016622#;#113#;#Y#;#252#;#EKS#;#Zebrenes pagasts#;#1999.03.16#;#30.06.2021 08:03:22#;##;#0028580#;#Zebrenes pag., Dobeles nov.#
#100010363#;#105#;#Zeltiņu pag.#;#100015694#;#113#;#Y#;#252#;#EKS#;#Zeltiņu pagasts#;#1999.03.16#;#30.06.2021 07:21:52#;##;#0021530#;#Zeltiņu pag., Alūksnes nov.#
#100014266#;#105#;#Zemītes pag.#;#100016710#;#113#;#Y#;#252#;#EKS#;#Zemītes pagasts#;#1999.03.16#;#30.06.2021 08:01:58#;##;#0052590#;#Zemītes pag., Tukuma nov.#
#100015114#;#105#;#Zentenes pag.#;#100016710#;#113#;#Y#;#252#;#EKS#;#Zentenes pagasts#;#1999.03.16#;#30.06.2021 08:01:58#;##;#0052600#;#Zentenes pag., Tukuma nov.#
#100014764#;#105#;#Ziemera pag.#;#100015694#;#113#;#Y#;#252#;#EKS#;#Ziemera pagasts#;#1999.03.16#;#30.06.2021 07:22:19#;##;#0021540#;#Ziemera pag., Alūksnes nov.#
#100014651#;#105#;#Zilākalna pag.#;#100016647#;#113#;#Y#;#252#;#EKS#;#Zilākalna pagasts#;#1999.03.16#;#30.06.2021 07:41:11#;##;#0054650#;#Zilākalna pag., Valmieras nov.#
#100015155#;#105#;#Ziru pag.#;#100016333#;#113#;#Y#;#252#;#EKS#;#Ziru pagasts#;#1999.03.16#;#30.06.2021 07:55:35#;##;#0056500#;#Ziru pag., Ventspils nov.#
#100013891#;#105#;#Zirņu pag.#;#100016663#;#113#;#Y#;#252#;#EKS#;#Zirņu pagasts#;#1999.03.16#;#30.06.2021 09:11:27#;##;#0046570#;#Zirņu pag., Saldus nov.#
#100014748#;#105#;#Zlēku pag.#;#100016333#;#113#;#Y#;#252#;#EKS#;#Zlēku pagasts#;#1999.03.16#;#30.06.2021 08:04:16#;##;#0056510#;#Zlēku pag., Ventspils nov.#
#100014828#;#105#;#Zosēnu pag.#;#100016487#;#113#;#Y#;#252#;#EKS#;#Zosēnu pagasts#;#1999.03.16#;#30.06.2021 07:00:16#;##;#0026600#;#Zosēnu pag., Cēsu nov.#
#100014981#;#105#;#Zvirgzdenes pag.#;#100016751#;#113#;#Y#;#252#;#EKS#;#Zvirgzdenes pagasts#;#1999.03.16#;#30.06.2021 08:50:08#;##;#0037610#;#Zvirgzdenes pag., Ludzas nov.#
#100013906#;#105#;#Zvārdes pag.#;#100016663#;#113#;#Y#;#252#;#EKS#;#Zvārdes pagasts#;#1999.03.16#;#30.06.2021 09:11:28#;##;#0046580#;#Zvārdes pag., Saldus nov.#
#100014442#;#105#;#Zvārtavas pag.#;#100016286#;#113#;#Y#;#252#;#EKS#;#Zvārtavas pagasts#;#1999.03.16#;#30.06.2021 05:26:46#;##;#0053440#;#Zvārtavas pag., Valkas nov.#
#100011646#;#105#;#Ābeļu pag.#;#100016421#;#113#;#Y#;#252#;#EKS#;#Ābeļu pagasts#;#1999.03.16#;#30.06.2021 05:24:56#;##;#0031430#;#Ābeļu pag., Jēkabpils nov.#
#100013600#;#105#;#Ādažu pag.#;#100015493#;#113#;#Y#;#253#;#DEL#;#Ādažu pagasts#;#1999.03.16#;#30.06.2009 09:04:35#;#2006.03.24#;#0804400#;#Ādažu pag., Ādažu nov.#
#100016518#;#105#;#Ādažu pag.#;#100016501#;#113#;#Y#;#252#;#EKS#;#Ādažu pagasts#;#2021.07.01#;#30.06.2022 17:11:33#;##;#0023401#;#Ādažu pag., Ādažu nov.#
#100013914#;#105#;#Ārlavas pag.#;#100016390#;#113#;#Y#;#252#;#EKS#;#Ārlavas pagasts#;#1999.03.16#;#30.06.2021 04:58:43#;##;#0051410#;#Ārlavas pag., Talsu nov.#
#100012037#;#105#;#Ēdoles pag.#;#100016696#;#113#;#Y#;#252#;#EKS#;#Ēdoles pagasts#;#1999.03.16#;#30.06.2021 09:09:54#;##;#0033410#;#Ēdoles pag., Kuldīgas nov.#
#100012824#;#105#;#Ērgļu pag.#;#100016671#;#113#;#Y#;#252#;#EKS#;#Ērgļu pagasts#;#1999.03.16#;#30.06.2021 08:00:30#;##;#0038450#;#Ērgļu pag., Madonas nov.#
#100014313#;#105#;#Ērģemes pag.#;#100016286#;#113#;#Y#;#252#;#EKS#;#Ērģemes pagasts#;#1999.03.16#;#30.06.2021 05:23:38#;##;#0053400#;#Ērģemes pag., Valkas nov.#
#100014321#;#105#;#Ēveles pag.#;#100016647#;#113#;#Y#;#252#;#EKS#;#Ēveles pagasts#;#1999.03.16#;#30.06.2021 07:27:05#;##;#0054440#;#Ēveles pag., Valmieras nov.#
#100013311#;#105#;#Čornajas pag.#;#100016542#;#113#;#Y#;#252#;#EKS#;#Čornajas pagasts#;#1999.03.16#;#30.06.2021 07:59:18#;##;#0043420#;#Čornajas pag., Rēzeknes nov.#
#100013955#;#105#;#Ģibuļu pag.#;#100016390#;#113#;#Y#;#252#;#EKS#;#Ģibuļu pagasts#;#1999.03.16#;#30.06.2021 04:59:53#;##;#0051440#;#Ģibuļu pag., Talsu nov.#
#100013047#;#105#;#Ķeipenes pag.#;#100016688#;#113#;#Y#;#252#;#EKS#;#Ķeipenes pagasts#;#1999.03.16#;#30.06.2021 08:12:08#;##;#0040430#;#Ķeipenes pag., Ogres nov.#
#100013666#;#105#;#Ķekavas pag.#;#100016470#;#113#;#Y#;#252#;#EKS#;#Ķekavas pagasts#;#1999.03.16#;#30.06.2022 17:05:47#;##;#0034421#;#Ķekavas pag., Ķekavas nov.#
#100011935#;#105#;#Ķepovas pag.#;#100016743#;#113#;#Y#;#252#;#EKS#;#Ķepovas pagasts#;#1999.03.16#;#30.06.2021 08:06:24#;##;#0032560#;#Ķepovas pag., Krāslavas nov.#
#100014547#;#105#;#Ķoņu pag.#;#100016647#;#113#;#Y#;#252#;#EKS#;#Ķoņu pagasts#;#1999.03.16#;#30.06.2021 07:34:29#;##;#0054500#;#Ķoņu pag., Valmieras nov.#
#100013988#;#105#;#Ķūļciema pag.#;#100016390#;#113#;#Y#;#252#;#EKS#;#Ķūļciema pagasts#;#1999.03.16#;#30.06.2021 05:01:24#;##;#0051470#;#Ķūļciema pag., Talsu nov.#
#100011252#;#105#;#Īles pag.#;#100016622#;#113#;#Y#;#252#;#EKS#;#Īles pagasts#;#2001.02.22#;#30.06.2021 07:57:00#;##;#0028480#;#Īles pag., Dobeles nov.#
#100010611#;#105#;#Īslīces pag.#;#100016575#;#113#;#Y#;#252#;#EKS#;#Īslīces pagasts#;#1999.03.16#;#30.06.2021 07:18:58#;##;#0025470#;#Īslīces pag., Bauskas nov.#
#100012053#;#105#;#Īvandes pag.#;#100016696#;#113#;#Y#;#252#;#EKS#;#Īvandes pagasts#;#1999.03.16#;#30.06.2021 09:09:54#;##;#0033430#;#Īvandes pag., Kuldīgas nov.#
#100013963#;#105#;#Īves pag.#;#100016390#;#113#;#Y#;#252#;#EKS#;#Īves pagasts#;#1999.03.16#;#30.06.2021 05:00:50#;##;#0051450#;#Īves pag., Talsu nov.#
#100012881#;#105#;#Ļaudonas pag.#;#100016671#;#113#;#Y#;#252#;#EKS#;#Ļaudonas pagasts#;#1999.03.16#;#30.06.2021 08:00:32#;##;#0038510#;#Ļaudonas pag., Madonas nov.#
#100011115#;#105#;#Šēderes pag.#;#100016462#;#113#;#Y#;#252#;#EKS#;#Šēderes pagasts#;#1999.03.16#;#30.06.2021 06:15:37#;##;#0022600#;#Šēderes pag., Augšdaugavas nov.#
#100011984#;#105#;#Šķaunes pag.#;#100016743#;#113#;#Y#;#252#;#EKS#;#Šķaunes pagasts#;#1999.03.16#;#30.06.2021 08:08:50#;##;#0032610#;#Šķaunes pag., Krāslavas nov.#
#100011992#;#105#;#Šķeltovas pag.#;#100016743#;#113#;#Y#;#252#;#EKS#;#Šķeltovas pagasts#;#1999.03.16#;#30.06.2021 08:09:13#;##;#0032620#;#Šķeltovas pag., Krāslavas nov.#
#100010484#;#105#;#Šķilbēnu pag.#;#100016438#;#113#;#Y#;#252#;#EKS#;#Šķilbēnu pagasts#;#1999.03.16#;#30.06.2021 06:25:29#;##;#0024530#;#Šķilbēnu pag., Balvu nov.#
#100013867#;#105#;#Šķēdes pag.#;#100016663#;#113#;#Y#;#252#;#EKS#;#Šķēdes pagasts#;#1999.03.16#;#30.06.2021 09:11:27#;##;#0046540#;#Šķēdes pag., Saldus nov.#
#100012711#;#105#;#Ņukšu pag.#;#100016751#;#113#;#Y#;#252#;#EKS#;#Ņukšu pagasts#;#1999.03.16#;#30.06.2021 08:50:06#;##;#0037530#;#Ņukšu pag., Ludzas nov.#
#100012004#;#105#;#Ūdrīšu pag.#;#100016743#;#113#;#Y#;#252#;#EKS#;#Ūdrīšu pagasts#;#1999.03.16#;#30.06.2021 08:09:37#;##;#0032630#;#Ūdrīšu pag., Krāslavas nov.#
#100010531#;#105#;#Žīguru pag.#;#100016438#;#113#;#Y#;#252#;#EKS#;#Žīguru pagasts#;#1999.03.16#;#30.06.2021 06:31:00#;##;#0024580#;#Žīguru pag., Balvu nov.#
